-- MySQL dump 10.13  Distrib 8.0.32, for Linux (x86_64)
--
-- Host: localhost    Database: studentdb
-- ------------------------------------------------------
-- Server version	8.0.35-0ubuntu0.22.04.1

/*!40101 SET @OLD_CHARACTER_SET_CLIENT=@@CHARACTER_SET_CLIENT */;
/*!40101 SET @OLD_CHARACTER_SET_RESULTS=@@CHARACTER_SET_RESULTS */;
/*!40101 SET @OLD_COLLATION_CONNECTION=@@COLLATION_CONNECTION */;
/*!50503 SET NAMES utf8 */;
/*!40103 SET @OLD_TIME_ZONE=@@TIME_ZONE */;
/*!40103 SET TIME_ZONE='+00:00' */;
/*!40014 SET @OLD_UNIQUE_CHECKS=@@UNIQUE_CHECKS, UNIQUE_CHECKS=0 */;
/*!40014 SET @OLD_FOREIGN_KEY_CHECKS=@@FOREIGN_KEY_CHECKS, FOREIGN_KEY_CHECKS=0 */;
/*!40101 SET @OLD_SQL_MODE=@@SQL_MODE, SQL_MODE='NO_AUTO_VALUE_ON_ZERO' */;
/*!40111 SET @OLD_SQL_NOTES=@@SQL_NOTES, SQL_NOTES=0 */;

--
-- Table structure for table `address`
--

DROP TABLE IF EXISTS `address`;
/*!40101 SET @saved_cs_client     = @@character_set_client */;
/*!50503 SET character_set_client = utf8mb4 */;
CREATE TABLE `address` (
  `address_id` int unsigned NOT NULL AUTO_INCREMENT,
  `contact_id` int unsigned NOT NULL,
  `address_type` int unsigned NOT NULL,
  `city` char(30) NOT NULL,
  `state_province` char(30) NOT NULL,
  `postal_code` char(20) NOT NULL,
  `created_by` int unsigned NOT NULL,
  `creation_date` date NOT NULL,
  `last_updated_by` int unsigned NOT NULL,
  `last_update_date` date NOT NULL,
  PRIMARY KEY (`address_id`),
  KEY `address_fk1` (`contact_id`),
  KEY `address_fk2` (`created_by`),
  KEY `address_fk3` (`last_updated_by`),
  CONSTRAINT `address_fk1` FOREIGN KEY (`contact_id`) REFERENCES `contact` (`contact_id`),
  CONSTRAINT `address_fk2` FOREIGN KEY (`created_by`) REFERENCES `system_user` (`system_user_id`),
  CONSTRAINT `address_fk3` FOREIGN KEY (`last_updated_by`) REFERENCES `system_user` (`system_user_id`)
) ENGINE=InnoDB AUTO_INCREMENT=1016 DEFAULT CHARSET=utf8mb3;
/*!40101 SET character_set_client = @saved_cs_client */;

--
-- Dumping data for table `address`
--

LOCK TABLES `address` WRITE;
/*!40000 ALTER TABLE `address` DISABLE KEYS */;
INSERT INTO `address` VALUES (1001,1001,1010,'San Jose','CA','95192',1002,'2023-12-11',1002,'2023-12-11'),(1002,1002,1010,'San Jose','CA','95192',1002,'2023-12-11',1002,'2023-12-11'),(1003,1003,1010,'San Jose','CA','95192',1002,'2023-12-11',1002,'2023-12-11'),(1004,1004,1010,'San Jose','CA','95192',1002,'2023-12-11',1002,'2023-12-11'),(1005,1005,1010,'San Jose','CA','95192',1002,'2023-12-11',1002,'2023-12-11'),(1006,1006,1010,'San Jose','CA','95192',1002,'2023-12-11',1002,'2023-12-11'),(1007,1007,1010,'San Jose','CA','95192',1002,'2023-12-11',1002,'2023-12-11'),(1008,1008,1010,'Provo','Utah','84606',1001,'2023-12-11',1001,'2023-12-11'),(1009,1009,1010,'Provo','Utah','84606',1001,'2023-12-11',1001,'2023-12-11'),(1010,1010,1010,'Provo','Utah','84606',1001,'2023-12-11',1001,'2023-12-11'),(1011,1011,1010,'Provo','Utah','84606',1001,'2023-12-11',1001,'2023-12-11'),(1012,1012,1010,'Spanish Fork','Utah','84606',1001,'2023-12-11',1001,'2023-12-11'),(1013,1013,1010,'Provo','Utah','84604',2,'2023-12-11',2,'2023-12-11'),(1014,1014,1010,'Provo','Utah','84604',1002,'2023-12-11',1002,'2023-12-11'),(1015,1015,1010,'Provo','Utah','84604',1002,'2023-12-11',1002,'2023-12-11');
/*!40000 ALTER TABLE `address` ENABLE KEYS */;
UNLOCK TABLES;
/*!40103 SET TIME_ZONE=@OLD_TIME_ZONE */;

/*!40101 SET SQL_MODE=@OLD_SQL_MODE */;
/*!40014 SET FOREIGN_KEY_CHECKS=@OLD_FOREIGN_KEY_CHECKS */;
/*!40014 SET UNIQUE_CHECKS=@OLD_UNIQUE_CHECKS */;
/*!40101 SET CHARACTER_SET_CLIENT=@OLD_CHARACTER_SET_CLIENT */;
/*!40101 SET CHARACTER_SET_RESULTS=@OLD_CHARACTER_SET_RESULTS */;
/*!40101 SET COLLATION_CONNECTION=@OLD_COLLATION_CONNECTION */;
/*!40111 SET SQL_NOTES=@OLD_SQL_NOTES */;

-- Dump completed on 2024-01-27 12:50:14

-- MySQL dump 10.13  Distrib 8.0.32, for Linux (x86_64)
--
-- Host: localhost    Database: studentdb
-- ------------------------------------------------------
-- Server version	8.0.35-0ubuntu0.22.04.1

/*!40101 SET @OLD_CHARACTER_SET_CLIENT=@@CHARACTER_SET_CLIENT */;
/*!40101 SET @OLD_CHARACTER_SET_RESULTS=@@CHARACTER_SET_RESULTS */;
/*!40101 SET @OLD_COLLATION_CONNECTION=@@COLLATION_CONNECTION */;
/*!50503 SET NAMES utf8 */;
/*!40103 SET @OLD_TIME_ZONE=@@TIME_ZONE */;
/*!40103 SET TIME_ZONE='+00:00' */;
/*!40014 SET @OLD_UNIQUE_CHECKS=@@UNIQUE_CHECKS, UNIQUE_CHECKS=0 */;
/*!40014 SET @OLD_FOREIGN_KEY_CHECKS=@@FOREIGN_KEY_CHECKS, FOREIGN_KEY_CHECKS=0 */;
/*!40101 SET @OLD_SQL_MODE=@@SQL_MODE, SQL_MODE='NO_AUTO_VALUE_ON_ZERO' */;
/*!40111 SET @OLD_SQL_NOTES=@@SQL_NOTES, SQL_NOTES=0 */;

--
-- Table structure for table `telephone`
--

DROP TABLE IF EXISTS `telephone`;
/*!40101 SET @saved_cs_client     = @@character_set_client */;
/*!50503 SET character_set_client = utf8mb4 */;
CREATE TABLE `telephone` (
  `telephone_id` int unsigned NOT NULL AUTO_INCREMENT,
  `contact_id` int unsigned NOT NULL,
  `address_id` int unsigned DEFAULT NULL,
  `telephone_type` int unsigned NOT NULL,
  `country_code` char(3) NOT NULL,
  `area_code` char(6) NOT NULL,
  `telephone_number` char(10) NOT NULL,
  `created_by` int unsigned NOT NULL,
  `creation_date` date NOT NULL,
  `last_updated_by` int unsigned NOT NULL,
  `last_update_date` date NOT NULL,
  PRIMARY KEY (`telephone_id`),
  KEY `telephone_fk1` (`contact_id`),
  KEY `telephone_fk2` (`address_id`),
  KEY `telephone_fk3` (`created_by`),
  KEY `telephone_fk4` (`last_updated_by`),
  CONSTRAINT `telephone_fk1` FOREIGN KEY (`contact_id`) REFERENCES `contact` (`contact_id`),
  CONSTRAINT `telephone_fk2` FOREIGN KEY (`address_id`) REFERENCES `address` (`address_id`),
  CONSTRAINT `telephone_fk3` FOREIGN KEY (`created_by`) REFERENCES `system_user` (`system_user_id`),
  CONSTRAINT `telephone_fk4` FOREIGN KEY (`last_updated_by`) REFERENCES `system_user` (`system_user_id`)
) ENGINE=InnoDB AUTO_INCREMENT=1016 DEFAULT CHARSET=utf8mb3;
/*!40101 SET character_set_client = @saved_cs_client */;

--
-- Dumping data for table `telephone`
--

LOCK TABLES `telephone` WRITE;
/*!40000 ALTER TABLE `telephone` DISABLE KEYS */;
INSERT INTO `telephone` VALUES (1001,1001,1001,1018,'USA','408','111-1111',1002,'2023-12-11',1002,'2023-12-11'),(1002,1002,1002,1018,'USA','408','111-1111',1002,'2023-12-11',1002,'2023-12-11'),(1003,1003,1003,1018,'USA','408','222-2222',1002,'2023-12-11',1002,'2023-12-11'),(1004,1004,1004,1018,'USA','408','222-2222',1002,'2023-12-11',1002,'2023-12-11'),(1005,1005,1005,1018,'USA','408','333-3333',1002,'2023-12-11',1002,'2023-12-11'),(1006,1006,1006,1018,'USA','408','333-3333',1002,'2023-12-11',1002,'2023-12-11'),(1007,1007,1007,1018,'USA','408','333-3333',1002,'2023-12-11',1002,'2023-12-11'),(1008,1008,1008,1018,'011','801','423-1234',1001,'2023-12-11',1001,'2023-12-11'),(1009,1009,1009,1018,'011','801','423-1234',1001,'2023-12-11',1001,'2023-12-11'),(1010,1010,1010,1018,'011','801','423-1234',1001,'2023-12-11',1001,'2023-12-11'),(1011,1011,1011,1018,'011','801','423-1234',1001,'2023-12-11',1001,'2023-12-11'),(1012,1012,1012,1018,'011','801','423-1234',1001,'2023-12-11',1001,'2023-12-11'),(1013,1013,1013,1018,'USA','801','333-3333',1002,'2023-12-11',1002,'2023-12-11'),(1014,1014,1014,1018,'USA','801','333-3333',1002,'2023-12-11',1002,'2023-12-11'),(1015,1015,1015,1018,'USA','801','333-3333',1002,'2023-12-11',1002,'2023-12-11');
/*!40000 ALTER TABLE `telephone` ENABLE KEYS */;
UNLOCK TABLES;
/*!40103 SET TIME_ZONE=@OLD_TIME_ZONE */;

/*!40101 SET SQL_MODE=@OLD_SQL_MODE */;
/*!40014 SET FOREIGN_KEY_CHECKS=@OLD_FOREIGN_KEY_CHECKS */;
/*!40014 SET UNIQUE_CHECKS=@OLD_UNIQUE_CHECKS */;
/*!40101 SET CHARACTER_SET_CLIENT=@OLD_CHARACTER_SET_CLIENT */;
/*!40101 SET CHARACTER_SET_RESULTS=@OLD_CHARACTER_SET_RESULTS */;
/*!40101 SET COLLATION_CONNECTION=@OLD_COLLATION_CONNECTION */;
/*!40111 SET SQL_NOTES=@OLD_SQL_NOTES */;

-- Dump completed on 2024-01-27 12:50:14

-- MySQL dump 10.13  Distrib 8.0.32, for Linux (x86_64)
--
-- Host: localhost    Database: studentdb
-- ------------------------------------------------------
-- Server version	8.0.35-0ubuntu0.22.04.1

/*!40101 SET @OLD_CHARACTER_SET_CLIENT=@@CHARACTER_SET_CLIENT */;
/*!40101 SET @OLD_CHARACTER_SET_RESULTS=@@CHARACTER_SET_RESULTS */;
/*!40101 SET @OLD_COLLATION_CONNECTION=@@COLLATION_CONNECTION */;
/*!50503 SET NAMES utf8 */;
/*!40103 SET @OLD_TIME_ZONE=@@TIME_ZONE */;
/*!40103 SET TIME_ZONE='+00:00' */;
/*!40014 SET @OLD_UNIQUE_CHECKS=@@UNIQUE_CHECKS, UNIQUE_CHECKS=0 */;
/*!40014 SET @OLD_FOREIGN_KEY_CHECKS=@@FOREIGN_KEY_CHECKS, FOREIGN_KEY_CHECKS=0 */;
/*!40101 SET @OLD_SQL_MODE=@@SQL_MODE, SQL_MODE='NO_AUTO_VALUE_ON_ZERO' */;
/*!40111 SET @OLD_SQL_NOTES=@@SQL_NOTES, SQL_NOTES=0 */;

--
-- Table structure for table `rental`
--

DROP TABLE IF EXISTS `rental`;
/*!40101 SET @saved_cs_client     = @@character_set_client */;
/*!50503 SET character_set_client = utf8mb4 */;
CREATE TABLE `rental` (
  `rental_id` int unsigned NOT NULL AUTO_INCREMENT,
  `customer_id` int unsigned NOT NULL,
  `check_out_date` date NOT NULL,
  `return_date` date DEFAULT NULL,
  `created_by` int unsigned NOT NULL,
  `creation_date` date NOT NULL,
  `last_updated_by` int unsigned NOT NULL,
  `last_update_date` date NOT NULL,
  PRIMARY KEY (`rental_id`),
  KEY `rental_fk1` (`customer_id`),
  KEY `rental_fk2` (`created_by`),
  KEY `rental_fk3` (`last_updated_by`),
  CONSTRAINT `rental_fk1` FOREIGN KEY (`customer_id`) REFERENCES `contact` (`contact_id`),
  CONSTRAINT `rental_fk2` FOREIGN KEY (`created_by`) REFERENCES `system_user` (`system_user_id`),
  CONSTRAINT `rental_fk3` FOREIGN KEY (`last_updated_by`) REFERENCES `system_user` (`system_user_id`)
) ENGINE=InnoDB AUTO_INCREMENT=1009 DEFAULT CHARSET=utf8mb3;
/*!40101 SET character_set_client = @saved_cs_client */;

--
-- Dumping data for table `rental`
--

LOCK TABLES `rental` WRITE;
/*!40000 ALTER TABLE `rental` DISABLE KEYS */;
INSERT INTO `rental` VALUES (1001,1003,'2023-12-03','2023-12-08',1003,'2023-12-11',1003,'2023-12-11'),(1002,1004,'2023-12-03','2023-12-08',1003,'2023-12-11',1003,'2023-12-11'),(1003,1005,'2023-12-03','2023-12-08',1003,'2023-12-11',1003,'2023-12-11'),(1004,1007,'2023-12-03','2023-12-08',1003,'2023-12-11',1003,'2023-12-11'),(1005,1002,'2023-12-03','2023-12-08',1003,'2023-12-11',1003,'2023-12-11'),(1006,1013,'2023-12-11','2023-12-12',1003,'2023-12-11',1003,'2023-12-11'),(1007,1013,'2023-12-11','2023-12-14',1003,'2023-12-11',1003,'2023-12-11'),(1008,1013,'2023-12-11','2023-12-16',1003,'2023-12-11',1003,'2023-12-11');
/*!40000 ALTER TABLE `rental` ENABLE KEYS */;
UNLOCK TABLES;
/*!40103 SET TIME_ZONE=@OLD_TIME_ZONE */;

/*!40101 SET SQL_MODE=@OLD_SQL_MODE */;
/*!40014 SET FOREIGN_KEY_CHECKS=@OLD_FOREIGN_KEY_CHECKS */;
/*!40014 SET UNIQUE_CHECKS=@OLD_UNIQUE_CHECKS */;
/*!40101 SET CHARACTER_SET_CLIENT=@OLD_CHARACTER_SET_CLIENT */;
/*!40101 SET CHARACTER_SET_RESULTS=@OLD_CHARACTER_SET_RESULTS */;
/*!40101 SET COLLATION_CONNECTION=@OLD_COLLATION_CONNECTION */;
/*!40111 SET SQL_NOTES=@OLD_SQL_NOTES */;

-- Dump completed on 2024-01-27 12:50:14


-- MySQL dump 10.13  Distrib 8.0.32, for Linux (x86_64)
--
-- Host: localhost    Database: studentdb
-- ------------------------------------------------------
-- Server version	8.0.35-0ubuntu0.22.04.1

/*!40101 SET @OLD_CHARACTER_SET_CLIENT=@@CHARACTER_SET_CLIENT */;
/*!40101 SET @OLD_CHARACTER_SET_RESULTS=@@CHARACTER_SET_RESULTS */;
/*!40101 SET @OLD_COLLATION_CONNECTION=@@COLLATION_CONNECTION */;
/*!50503 SET NAMES utf8 */;
/*!40103 SET @OLD_TIME_ZONE=@@TIME_ZONE */;
/*!40103 SET TIME_ZONE='+00:00' */;
/*!40014 SET @OLD_UNIQUE_CHECKS=@@UNIQUE_CHECKS, UNIQUE_CHECKS=0 */;
/*!40014 SET @OLD_FOREIGN_KEY_CHECKS=@@FOREIGN_KEY_CHECKS, FOREIGN_KEY_CHECKS=0 */;
/*!40101 SET @OLD_SQL_MODE=@@SQL_MODE, SQL_MODE='NO_AUTO_VALUE_ON_ZERO' */;
/*!40111 SET @OLD_SQL_NOTES=@@SQL_NOTES, SQL_NOTES=0 */;

--
-- Table structure for table `price`
--

DROP TABLE IF EXISTS `price`;
/*!40101 SET @saved_cs_client     = @@character_set_client */;
/*!50503 SET character_set_client = utf8mb4 */;
CREATE TABLE `price` (
  `price_id` int unsigned NOT NULL AUTO_INCREMENT,
  `item_id` int unsigned NOT NULL,
  `price_type` int unsigned DEFAULT NULL,
  `active_flag` enum('Y','N') NOT NULL,
  `start_date` date NOT NULL,
  `end_date` date DEFAULT NULL,
  `amount` double(10,2) NOT NULL,
  `created_by` int unsigned NOT NULL,
  `creation_date` date NOT NULL,
  `last_updated_by` int unsigned NOT NULL,
  `last_updated_date` date NOT NULL,
  PRIMARY KEY (`price_id`),
  KEY `pk_price_1` (`item_id`),
  KEY `fk_price_1` (`price_type`),
  KEY `fk_price_2` (`created_by`),
  KEY `fk_price_3` (`last_updated_by`),
  CONSTRAINT `fk_price_1` FOREIGN KEY (`price_type`) REFERENCES `common_lookup` (`common_lookup_id`),
  CONSTRAINT `fk_price_2` FOREIGN KEY (`created_by`) REFERENCES `system_user` (`system_user_id`),
  CONSTRAINT `fk_price_3` FOREIGN KEY (`last_updated_by`) REFERENCES `system_user` (`system_user_id`),
  CONSTRAINT `pk_price_1` FOREIGN KEY (`item_id`) REFERENCES `item` (`item_id`)
) ENGINE=InnoDB DEFAULT CHARSET=latin1;
/*!40101 SET character_set_client = @saved_cs_client */;

--
-- Dumping data for table `price`
--

LOCK TABLES `price` WRITE;
/*!40000 ALTER TABLE `price` DISABLE KEYS */;
/*!40000 ALTER TABLE `price` ENABLE KEYS */;
UNLOCK TABLES;
/*!40103 SET TIME_ZONE=@OLD_TIME_ZONE */;

/*!40101 SET SQL_MODE=@OLD_SQL_MODE */;
/*!40014 SET FOREIGN_KEY_CHECKS=@OLD_FOREIGN_KEY_CHECKS */;
/*!40014 SET UNIQUE_CHECKS=@OLD_UNIQUE_CHECKS */;
/*!40101 SET CHARACTER_SET_CLIENT=@OLD_CHARACTER_SET_CLIENT */;
/*!40101 SET CHARACTER_SET_RESULTS=@OLD_CHARACTER_SET_RESULTS */;
/*!40101 SET COLLATION_CONNECTION=@OLD_COLLATION_CONNECTION */;
/*!40111 SET SQL_NOTES=@OLD_SQL_NOTES */;

-- Dump completed on 2024-01-27 12:50:14


-- MySQL dump 10.13  Distrib 8.0.32, for Linux (x86_64)
--
-- Host: localhost    Database: studentdb
-- ------------------------------------------------------
-- Server version	8.0.35-0ubuntu0.22.04.1

/*!40101 SET @OLD_CHARACTER_SET_CLIENT=@@CHARACTER_SET_CLIENT */;
/*!40101 SET @OLD_CHARACTER_SET_RESULTS=@@CHARACTER_SET_RESULTS */;
/*!40101 SET @OLD_COLLATION_CONNECTION=@@COLLATION_CONNECTION */;
/*!50503 SET NAMES utf8 */;
/*!40103 SET @OLD_TIME_ZONE=@@TIME_ZONE */;
/*!40103 SET TIME_ZONE='+00:00' */;
/*!40014 SET @OLD_UNIQUE_CHECKS=@@UNIQUE_CHECKS, UNIQUE_CHECKS=0 */;
/*!40014 SET @OLD_FOREIGN_KEY_CHECKS=@@FOREIGN_KEY_CHECKS, FOREIGN_KEY_CHECKS=0 */;
/*!40101 SET @OLD_SQL_MODE=@@SQL_MODE, SQL_MODE='NO_AUTO_VALUE_ON_ZERO' */;
/*!40111 SET @OLD_SQL_NOTES=@@SQL_NOTES, SQL_NOTES=0 */;

--
-- Table structure for table `member`
--

DROP TABLE IF EXISTS `member`;
/*!40101 SET @saved_cs_client     = @@character_set_client */;
/*!50503 SET character_set_client = utf8mb4 */;
CREATE TABLE `member` (
  `member_id` int unsigned NOT NULL AUTO_INCREMENT,
  `account_number` char(10) NOT NULL,
  `credit_card_number` char(19) NOT NULL,
  `credit_card_type` int unsigned NOT NULL,
  `member_type` int unsigned DEFAULT NULL,
  `created_by` int unsigned NOT NULL,
  `creation_date` date NOT NULL,
  `last_updated_by` int unsigned NOT NULL,
  `last_update_date` date NOT NULL,
  PRIMARY KEY (`member_id`),
  KEY `member_fk1` (`credit_card_type`),
  KEY `member_fk2` (`member_type`),
  KEY `member_fk3` (`created_by`),
  KEY `member_fk4` (`last_updated_by`),
  CONSTRAINT `member_fk1` FOREIGN KEY (`credit_card_type`) REFERENCES `common_lookup` (`common_lookup_id`),
  CONSTRAINT `member_fk2` FOREIGN KEY (`member_type`) REFERENCES `common_lookup` (`common_lookup_id`),
  CONSTRAINT `member_fk3` FOREIGN KEY (`created_by`) REFERENCES `system_user` (`system_user_id`),
  CONSTRAINT `member_fk4` FOREIGN KEY (`last_updated_by`) REFERENCES `system_user` (`system_user_id`)
) ENGINE=InnoDB AUTO_INCREMENT=1010 DEFAULT CHARSET=utf8mb3;
/*!40101 SET character_set_client = @saved_cs_client */;

--
-- Dumping data for table `member`
--

LOCK TABLES `member` WRITE;
/*!40000 ALTER TABLE `member` DISABLE KEYS */;
INSERT INTO `member` VALUES (1001,'B293-71445','1111-2222-3333-4444',1007,1005,1002,'2023-12-11',1002,'2023-12-11'),(1002,'B293-71446','2222-3333-4444-5555',1007,1005,1002,'2023-12-11',1002,'2023-12-11'),(1003,'B293-71447','3333-4444-5555-6666',1007,1005,1002,'2023-12-11',1002,'2023-12-11'),(1004,'R11-514-34','1111-1111-1111-1111',1009,1005,1001,'2023-12-11',1001,'2023-12-11'),(1005,'R11-514-35','1111-2222-1111-1111',1009,1005,1001,'2023-12-11',1001,'2023-12-11'),(1006,'R11-514-36','1111-1111-2222-1111',1009,1005,1001,'2023-12-11',1001,'2023-12-11'),(1007,'R11-514-37','1111-1111-1111-2222',1008,1005,1001,'2023-12-11',1001,'2023-12-11'),(1008,'R11-514-38','1111-1111-3333-1111',1009,1005,1001,'2023-12-11',1001,'2023-12-11'),(1009,'US00011','6011 0000 0000 0078',1007,1006,1001,'2023-12-11',1001,'2023-12-11');
/*!40000 ALTER TABLE `member` ENABLE KEYS */;
UNLOCK TABLES;
/*!40103 SET TIME_ZONE=@OLD_TIME_ZONE */;

/*!40101 SET SQL_MODE=@OLD_SQL_MODE */;
/*!40014 SET FOREIGN_KEY_CHECKS=@OLD_FOREIGN_KEY_CHECKS */;
/*!40014 SET UNIQUE_CHECKS=@OLD_UNIQUE_CHECKS */;
/*!40101 SET CHARACTER_SET_CLIENT=@OLD_CHARACTER_SET_CLIENT */;
/*!40101 SET CHARACTER_SET_RESULTS=@OLD_CHARACTER_SET_RESULTS */;
/*!40101 SET COLLATION_CONNECTION=@OLD_COLLATION_CONNECTION */;
/*!40111 SET SQL_NOTES=@OLD_SQL_NOTES */;

-- Dump completed on 2024-01-27 12:50:14
-- MySQL dump 10.13  Distrib 8.0.32, for Linux (x86_64)
--
-- Host: localhost    Database: studentdb
-- ------------------------------------------------------
-- Server version	8.0.35-0ubuntu0.22.04.1

/*!40101 SET @OLD_CHARACTER_SET_CLIENT=@@CHARACTER_SET_CLIENT */;
/*!40101 SET @OLD_CHARACTER_SET_RESULTS=@@CHARACTER_SET_RESULTS */;
/*!40101 SET @OLD_COLLATION_CONNECTION=@@COLLATION_CONNECTION */;
/*!50503 SET NAMES utf8 */;
/*!40103 SET @OLD_TIME_ZONE=@@TIME_ZONE */;
/*!40103 SET TIME_ZONE='+00:00' */;
/*!40014 SET @OLD_UNIQUE_CHECKS=@@UNIQUE_CHECKS, UNIQUE_CHECKS=0 */;
/*!40014 SET @OLD_FOREIGN_KEY_CHECKS=@@FOREIGN_KEY_CHECKS, FOREIGN_KEY_CHECKS=0 */;
/*!40101 SET @OLD_SQL_MODE=@@SQL_MODE, SQL_MODE='NO_AUTO_VALUE_ON_ZERO' */;
/*!40111 SET @OLD_SQL_NOTES=@@SQL_NOTES, SQL_NOTES=0 */;

--
-- Table structure for table `item`
--

DROP TABLE IF EXISTS `item`;
/*!40101 SET @saved_cs_client     = @@character_set_client */;
/*!50503 SET character_set_client = utf8mb4 */;
CREATE TABLE `item` (
  `item_id` int unsigned NOT NULL AUTO_INCREMENT,
  `item_barcode` char(18) NOT NULL,
  `item_type` int unsigned NOT NULL,
  `item_title` char(60) NOT NULL,
  `item_subtitle` char(60) DEFAULT NULL,
  `item_rating_id` int unsigned NOT NULL,
  `release_date` date DEFAULT NULL,
  `created_by` int unsigned NOT NULL,
  `creation_date` date NOT NULL,
  `last_updated_by` int unsigned NOT NULL,
  `last_update_date` date NOT NULL,
  `item_desc` text,
  `item_blob` mediumblob,
  PRIMARY KEY (`item_id`),
  KEY `item_fk1` (`item_type`),
  KEY `item_fk2` (`item_rating_id`),
  KEY `item_fk3` (`created_by`),
  KEY `item_fk4` (`last_updated_by`),
  CONSTRAINT `item_fk1` FOREIGN KEY (`item_type`) REFERENCES `common_lookup` (`common_lookup_id`),
  CONSTRAINT `item_fk2` FOREIGN KEY (`item_rating_id`) REFERENCES `rating_agency` (`rating_agency_id`),
  CONSTRAINT `item_fk3` FOREIGN KEY (`created_by`) REFERENCES `system_user` (`system_user_id`),
  CONSTRAINT `item_fk4` FOREIGN KEY (`last_updated_by`) REFERENCES `system_user` (`system_user_id`)
) ENGINE=InnoDB AUTO_INCREMENT=1055 DEFAULT CHARSET=utf8mb3;
/*!40101 SET character_set_client = @saved_cs_client */;

--
-- Dumping data for table `item`
--

LOCK TABLES `item` WRITE;
/*!40000 ALTER TABLE `item` DISABLE KEYS */;
INSERT INTO `item` VALUES (1001,'ASIN: B000QUA4PF',1013,'The Hunt for Red October','Special Collectornulls Edition',1003,'1990-03-02',1003,'2023-12-11',1003,'2023-12-11',NULL,NULL),(1002,'ASIN: B000WAS3IL',1013,'Star Wars I','Phantom Menace',1003,'1999-05-04',1003,'2023-12-11',1003,'2023-12-11',NULL,NULL),(1003,'ASIN: B000NOP4JH',1017,'Star Wars II','Attack of the Clones',1003,'2002-05-16',1003,'2023-12-11',1003,'2023-12-11',NULL,NULL),(1004,'ASIN: B000PMN4GT',1013,'Star Wars II','Attack of the Clones',1003,'2002-05-16',1003,'2023-12-11',1003,'2023-12-11',NULL,NULL),(1005,'ASIN: B000MEN4PI',1013,'Star Wars III','Revenge of the Sith',1004,'2005-05-19',1003,'2023-12-11',1003,'2023-12-11',NULL,NULL),(1006,'ASIN: B000QAR3OL',1013,'The Chronicles of Narnia','The Lion, the Witch and the Wardrobe',1003,'2002-05-16',1003,'2023-12-11',1003,'2023-12-11',NULL,NULL),(1007,'ASIN: B000SCX3ML',1016,'RoboCop',NULL,1007,'2003-07-24',1003,'2023-12-11',1003,'2023-12-11',NULL,NULL),(1008,'ASIN: B000NMI3IK',1016,'Pirates of the Caribbean',NULL,1008,'2003-06-30',1003,'2023-12-11',1003,'2023-12-11',NULL,NULL),(1009,'ASIN: B000WSE2HJ',1016,'The Chronicles of Narnia','The Lion, the Witch and the Wardrobe',1006,'2003-06-30',1003,'2023-12-11',1003,'2023-12-11',NULL,NULL),(1010,'ASIN: B000KJI3RE',1014,'MarioKart','Double Dash',1006,'2003-11-17',1003,'2023-12-11',1003,'2023-12-11',NULL,NULL),(1011,'ASIN: B000REE2VC',1015,'Splinter Cell','Chaos Theory',1008,'2003-04-08',1003,'2023-12-11',1003,'2023-12-11',NULL,NULL),(1012,'ASIN: B000TGB2JK',1015,'Need for Speed','Most Wanted',1006,'2004-11-15',1003,'2023-12-11',1003,'2023-12-11',NULL,NULL),(1013,'ASIN: B000MUR2DS',1016,'The DaVinci Code',NULL,1008,'2006-05-19',1003,'2023-12-11',1003,'2023-12-11',NULL,NULL),(1014,'ASIN: B000MER2AS',1016,'Cars',NULL,1006,'2006-04-28',1003,'2023-12-11',1003,'2023-12-11',NULL,NULL),(1015,'ASIN: B000MZQ2PI',1017,'Beau Geste',NULL,1003,'1992-03-01',1003,'2023-12-11',1003,'2023-12-11',NULL,NULL),(1016,'ASIN: B000QYR2LK',1017,'I Remember Mama',NULL,1001,'1998-01-05',1003,'2023-12-11',1003,'2023-12-11',NULL,NULL),(1017,'ASIN: B000MNV3BN',1017,'Tora! Tora! Tora!','The Attack on Pearl Harbor',1002,'1999-11-02',1003,'2023-12-11',1003,'2023-12-11',NULL,NULL),(1018,'ASIN: B00YUIP3PF',1017,'A Man for All Seasons',NULL,1002,'1994-06-28',1003,'2023-12-11',1003,'2023-12-11',NULL,NULL),(1019,'ASIN: B000MOQ4DT',1017,'Hook',NULL,1003,'1991-12-11',1003,'2023-12-11',1003,'2023-12-11',NULL,NULL),(1020,'ASIN: B000MNP3GR',1017,'Around the World in 80 Days',NULL,1002,'1992-12-04',1003,'2023-12-11',1003,'2023-12-11',NULL,NULL),(1021,'ASIN: B000MNP2TT',1017,'Harry Potter and the Sorcerer\'s Stone',NULL,1003,'2002-05-28',1003,'2023-12-11',1003,'2023-12-11','The novel begins with the wizarding world\'s celebration of the downfall of Lord Voldemort, an evil, powerful and cruel Dark wizard. After killing Lily and James Potter, Voldemort had attempted to kill one-year old Harry Potter, but the curse rebounded upon him, destroying his body and leaving a lightning-bolt scar on Harry\'s forehead. Professors Dumbledore and McGonagall and Gamekeeper Rubeus Hagrid leave Harry on the doorstep of his ultra-conventional and unsympathetic Muggle relatives, the Dursley family. Petunia Dursley is the sister of Harry\'s mother Lily, although Petunia never approved of her magical sister. The Dursleys resolve to conceal Harry\'s magical heritage from him, and maltreat him while overindulging their own son Dudley. They tell Harry that his parents\' deaths and his scar were caused by a car accident.<p />\r\nShortly before Harry\'s 11th birthday, he receives a mysterious letter addressed specifically to him. His outraged uncle reads and burns the letter before Harry can see it. The sender does not capitulate, and the Dursleys receive increasingly greater numbers of the same correspondence over the next few days. Soon, his uncle becomes so paranoid that the Dursleys, with Harry in tow, hide in a hut on a small island to escape. That night, Hagrid bursts through the hut\'s locked door. As Hagrid holds the Dursleys at bay, Harry finally reads his letter in which he learns he has been invited to study magic at Hogwarts School of Witchcraft and Wizardry. The next day, Harry and Hagrid leave the hut and head to London\'s magic hub Diagon Alley via famous wizarding pub The Leaky Cauldron. Harry enters the wizarding world for the first time, learns to his surprise that he is famous for his defeat of Voldemort, and meets the new Hogwarts Defence Against the Dark Arts teacher, Professor Quirrell. He returns to the Dursleys and a month later, takes the train to Hogwarts from Platform Nine and Three Quarters at King\'s Cross Station. On the trip to Hogwarts, Harry befriends Ron Weasley and meets the forgetful Neville Longbottom and Hermione Granger, a precocious Muggle-born witch.<p />\r\nUpon arrival, the Sorting Hat places Harry, Ron, Hermione and Neville in Gryffindor House, one of the four houses at Hogwarts. Draco Malfoy, an arrogant and elitist student, gets placed in Slytherin. At the end of his first week at Hogwarts, Harry and Ron discover that the wizarding bank Gringotts was robbed, and a vault that Harry and Hagrid visited had been the subject of the burglary. Later, Harry discovers he has a talent for riding broomsticks, and after a broom-mounted game of keep away with Malfoy over Neville\'s Remembrall, he is recruited to join Gryffindor\'s Quidditch team as Seeker. He is the youngest Quidditch player at the school in a century, much to Malfoy\'s displeasure.<p />\r\nHarry, Ron, Hermione and Neville, in Hogwarts\' halls late at night, accidentally stumble across the door to a corridor on the third floor that they had been warned not to enter, finding in the corridor a monstrous three-headed dog, christened Fluffy by Hagrid, that guards a trapdoor. On Halloween, Quirrell informs everyone that a troll has entered the castle and is in the dungeon. As the rest of the students are ushered to their dorms, Ron and Harry remember overhearing that Hermione is in the girls\' bathroom crying because Ron insulted her, and they realise that she wouldn\'t know about the troll. The two of them go to the girls\' bathroom, fight the troll, and save Hermione. When confronted by Professor McGonagall over why they did not go back to their dorms when directed, Hermione defends the boys and takes the blame, which results in the three becoming best friends.<p />\r\nAt Harry\'s first Quidditch match, Harry\'s broom becomes possessed, nearly knocking him off. Hermione sees Professor Severus Snape, the sinister Potions master, staring at Harry and mouthing words, causing her to believe that Snape has cursed the broom. Hoping to save Harry, she runs and accidentally knocks over Professor Quirell. Hermione sets Snape\'s robes on fire, distracting him and others and allowing Harry to survive and catch the Snitch to win the game for Gryffindor.<p />\r\nAt Christmas, Harry receives an Invisibility Cloak, once belonging to his father, which renders its wearer invisible. Harry uses it to explore the Restricted Section in the library to learn about Nicolas Flamel, a name Hagrid let slip when confronted about his knowledge of Fluffy. On being discovered in the library by caretaker Argus Filch, Harry escapes to a disused classroom in which he finds the Mirror of Erised, which shows Harry his family. After three nights of returning to the mirror, once accompanied by Ron, Harry is confronted by Dumbledore, who explains that the mirror shows our deepest desires: Harry sees his family, while Ron sees himself achieving more than his older brothers. Dumbledore tells Harry the mirror is to be moved, and if he sees it again he will be prepared. Eventually, Harry learns (through Dumbledore\'s Chocolate Frog card) that \"Nicolas Flamel is the only known maker of the Philosopher\'s Stone, which produces the Elixir of Life which will make the drinker immortal.\"<p />\r\nHarry sees Snape trying to get information from Quirrell about getting past Fluffy; Quirrell says he does not know what he\'s talking about. Harry, Ron, and Hermione are sure that Snape is trying to steal the Philosopher\'s Stone in order to restore Lord Voldemort to power, but Hagrid denies it. While at Hagrid\'s hut, the trio discover a dragon egg Hagrid is nursing in a fire. The egg hatches a Norwegian Ridgeback dragon, Norbert. The friends are nervous for Hagrid, since dragon breeding has long been outlawed in the wizarding world, and Hagrid, with his reckless nature, has long nursed a strong desire for a dragon. Finally, Harry, Ron, and Hermione are able to convince Hagrid to let Norbert go live with other dragons of his kind with Ron\'s older dragon trainer brother, Charlie, in Romania. They arrange for the dragon, (now quite large in size), to be picked up by friends of Charlie\'s.<p />\r\nHarry, Hermione, and Neville are caught out late at night while sending off Norbert (Ron is in the hospital wing, being treated for a bite from Norbert), and they are forced to serve detention with Hagrid in the Forbidden Forest along with Draco, who had been spying on them. Harry sees a hooded figure drink the blood of an injured unicorn, which causes pain in Harry\'s forehead scar. Firenze, a centaur, tells Harry that it is a monstrous thing to slay a unicorn, let alone drink its blood, that unicorn blood sustains life but gives the drinker a cursed life in return, and that the hooded figure is in fact Voldemort.',_binary ' PNG\r\n\Z\n\0\0\0\rIHDR\0\0\0\ \0\0)\0\0\0   d\0\0\0	pHYs\0\0\ \0\0\  +\0\0\0 tIME \ 
5֌- \0\0\0 tEXtAuthor\0  \ H\0\0\0tEXtDescription\0	!#\0\0\0\ntEXtCopyright\0 \ :\0\0\0tEXtCreation time\05 	\0\0\0	tEXtSoftware\0]p :\0\0\0
tEXtDisclaimer\0    \0\0\0tEXtWarning\0 \ \0\0\0 tEXtSource\0   \ \0\0\0tEXtComment\0 ̖ \0\0\0tEXtTitle\0 \ \ \'\0\0\0IDATx \\ Y mYr\   X\ ΐs޼Cխ  gR  \0iJ dK \  \0À  \r  ^%K-Jl Yͪ.v\ t\ {s<Þ\ ZᇝE\ >9d\ iŊ G\ /\  /\0P7u\ 2  3 CG   \ b{{s  m]Uu %O`\Z |Ddfd\ 33 UUUU3       ֋   &    \ \ ND y ߫a ^y q4vM  > x\ a z nꊡ\ ޼.S S\"M \ N  \ \ \ \0(   \0 @\ ́\ \ D i  \ q\ 9\ \"֍ \0\0\0IDAT   \Zb F ي <  iac\0f a\0   \ c\  W3 HV \ 8\ \"\    \ 9 s@`3 ?\Z31\ P\ \ i\0 \ H䚦 \ \ Et>#y\ Q-  ~ }} \ \ f 9==\  \ \ k\ GG\ 5,  eu\ > \ ~ _a  j1\ h S\   \ / \ \   E \  7 Z G\Z  \ ~\   \r \ \ 5ɿ \  \ _ y \ Ϲ   \  ?> \ \  \ WW_ 1\ a\      ? \   o     >h O? \ _  ? \ 4 \ZC  * \   UD-\0\0\0IDATC QK  T  E (EJr>¹)%2bGDT \ F6M  _B \ {C` !  m       iD$\ l\ MS9e\ \Z`  ! w\ \0 \0 1s    ) Yt, $3\0d\ \0   s0   $\"63# \\  \ y \  /\ Ɓ ر  I \ d E&@   @jf \Z L\ \ L\ d\ \ bP U5   :r`  HlL \ 0 PS2v!zv> <eQ#\"vJE NEt   > xo\Z  \ \    \ 4 \ \" \ n  i \ qP  i\ Syx}Vd \0\0\0IDATr\ wCgF.     ] \ \'     \ 9\ \ M v\ YQSv\  @Д ڃÓ\ \ 7w \ nt| \ k\ \ v*zys}( ] Ä< ܺjҮ{ \ Qߕ  \ \ \  \ gSN\ \ 4 jU%b\   ﺜRJ!&3\ \ \ \ %IVSc  \ S  y\ < 1     
 1 ,蓌)   \\5   f ȹ i+&oc >x\ \n  \ 39&9\ ̚ Za\0T\n\   x T01 \   \ \ ̄\0Õ\"\ WŘ\ q L\ \ S\"x\   \0T@djR\"  :\0\0\0IDAT&\" dFL \"Ԍ d\n\"6\ \"#d  @ S3\ D a  *`gj)( w\ N\ D!2(51  \  \ Ƀ۷ \ w߾\"&  \   \ \    \ n\ M  \ `yt| \ ܾ  :={\  v{S \   c  \     ΋  \ ?\ f\ !4M \ >\ \  \  \ ɓ \ ݛ\ \  c   vm 1T vs \ (#     r č\  9O\ \ \ \0x\"b\ \ \   &Rr\ ) i4 * *xUǠ\ .\n9\' 0)%\"\ .u f\ gfG &) i  \0  \0\0\0IDATD\ \  ~\ #5MeZ  
!8|l  Ϫ.־    hc P\ 1\ 9b  &I TM6J)S8 \0\  % Άf \06  h^af\ Č *fL0F   ( 0\ \ X\ \0f   dD \ N͠Jd\ 25f \Z` /    )`f La$ F\ Ę	d \    w      \ \ \ b j<MC \ \ \ r ^  \\ y \ IJ   \ : r \ b  v\ u(J> =~\\-\ \  Pȣ\ \   \ {t\ \ U \ E5 m\   \  \ ~߼ \ \0\0\0IDAT  u &l \   C:X zU \ \ 8.   j \  cN \ Ř7 \ \'\ \ +  v\ T  敊 0   r \ 0X \ [3 \nkIT/  5\ 1e\ m\ \ MJi ߃ \r\ {\  j]P\ i\ \ 4 ) \0T
 \  q  M\ ֋E.Z\ @   R<HrR\"\ }   %O)%\ (  RL 8F-z\ ! \  L  \"bb\00S\ c\ \n%0 \ #&  \0K!1 B0\ |E  
H\0#3 f\ h   
P1  \ \ <GR U `fG   \ \ Ĭ  _\ )\ \0\0\0IDAT\ 3 #̌ 3&Q5   \ N\ b\0  \ \ 9>8=ɪAu  R\ _ }  h Vgg\ ^<\ \  \ \    :   \  \  \ n _l\ }Jh Gg > ( 2ܼ}tr 컗Ͼ 57
 \\ >:\ mR   ry \ \ m \ \ vgݸ8p yx \    Z\ ^ \nR     ꦪ ח \ \r\0  D c8 %&\0\  ad e\ \ R\n i\ C -{ *x\"2ђR\Z n I)!e׶\ b    \   -     h=\ \ w P5uU u\ 
  Lp \"IU\ \0\0\0IDATL\r2 \ 4 \ \ \ iԒ4M%gv  \ y   ѽ `w L R\ , \r dU\ l   C sʀ  6 * JI bZ<    & A r \"\ ї\ ̂ *8 L( 1 @ c\0\"   $\ g\ O\ <\ :DF0 b\ \ Q  YQ\ 	      w\0 RL   7  \ v}z  \ 7] s\ \ n    ,)   \ jZW5   >lcx X >8 x` # j 	 \ \ \ \ B\ M\ \ \ \ f\ N \ \ Ϟ ߏ f  {  M \ xzt;\ \ bH _ Q9>>| l  \ \ 1\ T@\0\0\0IDATU!F_  W\  L 4  ų \0x8O޵U]U sά0     *  9\ }\ \ {. \ w\nk \ \ \ @D\ \ \r RJ)9! \ }NiB  a e \ \ h!\"ø\ G \ \ s\  _7 f  UM&O2&CQS2 B *Soy  m`\ <\ 4,\ \ \ \ H   5\ ڜx  YE גQ   	  0V   \ n /_ IY* \ 4\ u(%i)\"  4_ U  )\0b \"RU  $`RȔ	 \ h E\ s\ \ adP3X M,
\0\ Y\r9gə \0#\ \ \0\0\0IDATc    T̊  b  U0M \  j | \ \ \ \ MIR{ z\ | ٘\ k \ \ \ \ ?~\ \ \ P\ _ \ ϻw ggO>   \ (\\^o ݴ\ ǫ  X\ a  ^_\ \ wS\ {\ \ \ \ yS\ \ L  ɺ\ FJ&( \ ԃ\ f\ _n\ B O g  \'\0<J1@Uq_=P\"rΩj \ 3   \ \ `\ C j\ \ uJ\ \ \ }  #\"+  P933+e*eB E`\ \ \ \ > \  i > \ /\ v۞  \ 0 R ʪZ,\ c	3        I\n,Τ  dyL ^\\b  \0\0\0IDAT.   ^Ic\Z  r&\ \\ \ 9\'\")ip$\ 2TK66%2r  \ {O, \ n \ u \n R@2K H     H  lo\  
\ 9\   =  ` \0@  2\ D \ \ \ =\ \ h \ \  >(`   6U( \ : \n  f\ |\ Y% dU \ 1@!41 \ q   Ÿ\ m߾]   5  \ O <| \ \ \  u\ H \ v 0 \ -jIJ ^ |      q 2   U 888 \ \ \   \ 7\ v/y wHSKEǑŐ  F4   > \ \ X09o\0\0\0IDAT^  q\    \ \ o9\09\ q+v06b1 h ^\ i\   *  \    \ M˔\ ~gy4 J1\ *\ f\ CDdʐUE\ \ \ \  we   _\ (  ` \ h}\ ; \ \ 𸎭 ̶ \  s Ύ޾}{  \ 7\ ~  ɓ;6  \ \ y \ ^^. o7 ˅ ^T j\ s\ \ z\  vl \  \ ɣ  \ ][ǻ ;B \ ڪre\ \ ح\ $ \ n]     bι i XL  3{\ u]K.) \    \ o Mtt|p\ u  . Ӫms\ ˃E\ ul X.\ Ȟ \ \ \0\0\0IDAT   \ ˗/  [. }\ \    j\ e;MS\  \   j\ \  \ \ o  \  >: \ \ \ \ \ ]\\<~   0 \'\ ǻ\ N\ <8_   |   \ O (rB   /  - )\ \ ^ \ \ 4Y  .\ (;\ \  ё\ ~ \ ޾{p~     ŧ `TB\  O 1\ onR?=> \ ח g   \nuC  2R  a  ۪ )\ > Y \ \ \ W\ _|   \   _ s\0 j\ < ?(dV\ ,E\ T (ȑ7AJ F\ l%;礔4\r 31\  @s \ \ \0c   \ \ G\0\0\0IDAT1x2\ <\ \ nsqvt Z W<~p \ 8  1 \ j \ ᣗ \ <y  \ \ \   \ W_   \  \ \ 8~  \ z  U < 9    \ Oxyu\ ,V\ \ \ ~ \ \ \   | \ _     \  m    \ \ \ \  r} \ _\ uKBbbB\n   \ G d \ \\__ \ ӧ\ ۻ> \ ջ˓  o  \ \ ?     \   /   _  \ \ N ] y  \ { \ Ldf \ n_ ~} ^>xp \ \ ۦ | O>    \    \ \    ˛\ e    3\ m\ \0\0\0IDAT6ԋ уG   ? \   \   <\ 4e \     ?쇇 K\ ?  \'  \    \ +I X o  J\ ~ U  ) \0p ~   o\ T\ n \\  6\ \ ^  \ \     ţ \ ï> \  g\ \\{|zt  +~xqvzzG :> 1vC r\ T\ j |p\ e\ \ .b\ iJm \ q`bbg F     KDe\ ݾy\ & J  g  Wu[U  ƪ*b%KM \ 8 I\ \\       \0 \ q臾\ ADhֵZL \rƦ WR  [ \ \ ~  > ࢱaR\0\0\0IDATI] g\ |   OO\ \ \ {rqz\ /\ h9 \ / \ KI\ 墩\ \ \   ۻwo^ iX,\ \ \ su \     \ ϟ>| \ \ peZ ޽ cX4\ 0  n \ n ? я~  } \   \ U  \ v\ 4y\Z%\'\ \ O x6  \ \ \ \ /\ \ \  \ >m*     \ ;\  \  \  <}  {U 9 \'Ǉ S} ^-  M\ T  \ \ \ Q i\Z7 \ \ E{ ^  \ v l\ *\ M} \   w  * \   \ \    <=8=a  d\0\0\0IDATز _< \ ɣ    \  j l s)  \ \ 2 i   \ Z }|}r  \ O | \ b 89?;=?s!:\ jU \'g \ U \ \ \   谌\ ~ 	\   \"e \ }  \   \  f  A0o  r r)\ j. )]^   \ \ \ 7+\ g W\0< E  ⌽ \ \ LsQI  T  Y\  i*  \ kN\" ;\ 0\ \ s\  1r_> T2l \ \ n{zv\\/WͲ    ]? _\ SN\ C\ u)e Dd\ |pppx ^  _} \ \ v \ = 8   Q<\ f\0\0\0IDATVu\ b R\ l6\ \ P7   _} \ \ \ \ 󗯪 \ \  )
 : ]\ n T 
c \ \ \ b R2b KR  z ѻwf\  = b \ W   ?\ \ \  1\'aH \ m\  \\    1 \  ޕRb 냣\ \ \ \ v+bUӶm{us-b7w \ \ rJy\ ǔ r     \   9 B r\ jtrx \ ū o/     \ \ z r \\-V\ \ \ \ ]7\ \ \ \ 9v\   d! \ \ n \ /NOO\ \ \ ]^>  \ \ \ \ \ u\ u\ \ \\ { ,\ ]^  , _=    eD\ \ \0\0\0IDATի 9I 4u{  Au   \ \ _\ wt >Q\ 1D2)) \0  f-: ]\ \rÐ4U ^ ~  \ \ \ \ j   {  \ \  <  RV5v }4PM   qѶ \ \ 9 rI)  S  @\0  \ \    0    ap :y \ \  \ \ g/o  )  { \ U* \ \ ]\ \Z  ݞ]\ I\ ^ z\  ön7\ bx \ UJ \ \ j  \ \ \ { \ \ \ ~Sy  \ b ޼ \"#b\ _ zՏ   1={ \ n۱~ \    b{ \ w\ \ \ -  ry  y|\ \0\0\0IDAT\  _} MN\    \ ջwW mWU\  o 1   nn6wۮ\ Sr~ \  \ \ \  q   \ \ \   g\ ^_\ | \ GG\ \' \ v \  \ \ \ w\ Û \ ~H t  \  ˫\ W \ r SN    \ \ \ 7Y \ \ \ \ \ v r?N  W\ g/\ \r 
 \0\ D\  \ \ ,M# \  `\ uY\ \ U1  7_S D \   i  \ \   ˫\ ߖ   y \ _ \ G     7/\ \ ޻0\ w\ \ \rC~q \ \  4H \   t  +\ \ \ u  VG\  \ We\ x$   ! vu # ^\0\0\0IDATxt Z \ \ \ \ \    ｪ\Za  Q Kբ> X شu ~ &\ B,\"\ \   R\ ;! .z33U55 \ \    u{3 \ xw % S\ *\ B  7\   ??  \ lnwe WWW)    j\ \ \ \ \ \ \ nS\ \ ׋ \ ww .ƈм  kbն\ 0\ 7\ >{}y]׵(\ \\]_\ n\ b/\ ^\r\ `f\ q\ x \  \ } \ \ ]? Cn\ZJ l\ p \  \ } f Xܽ}\  z{  \ u \ \ /  \Zm[\ 
\"zsu{ \ C\ oBιi\ 9\  \  n \0\0\0IDAT\ u\ 7 \ \'\ \ \ |c|w}wu    6 ͋\ 뵪\ 4Mι \ w9\ a۶\   z S՜   	! \  \   \ b jl\ ) wsc;ƨޏ} s [  \    ^ |9\ w\ }\ u\ \ rIƁƚd7\  ~ ) \ G \\    ^c(㈒\ Ֆ\ q]\ #vU\ \ O   4\ D\ D 惯 ش\ 5 F!! %\ ]     \ C j\ \06 0 \ ؓ#\"  
\ @\ T5u  ~L\ {\"\ 9Cu.  ggf  \ s Z\  :o6\ ^_?{yV  \0\0\0IDAT\  栊  RR.\ ~   D\ d  V\'  \ z l +󵪮 μ \   \  \ X/\ ׋ \ 4 \ 4 t]\ m;!rȚ  C\ \ > K3+9M  ] R \ ~ \ ú  v \ \ $ Sz \ eyraE ݄z]\ \ \ 嫗hb\ ,  i  s\ Y  L\ ,Tpn2+Yc\ ]\ ~ \ o  [,  ] Z      \ \ }8# X, ݶ\ cS\ Ջ  ~c}B5M  \ P E  \ 0  w\ O\ \ M \ {(M\ P5\ \ \ \  _-WD) ]\Z\  \ t\0\0\0IDAT \ wy\  \"%\ a  L  ۿ-SOfϿ \      # \  b \\/   ; 18.`AT L |@pb$ @ :ݰ\ mD  j  b\ r $j\  \'\   FR \ f\ cS  & <%	\ \\tDD\ \ t)) 4 \ \ cN\ և v   iK\ E )i\  RhY  \ a\ \ X\ F3Y \ i\Z ] r\ \   z1 # J\ j  =RBpU\ z{ 	U \ qL\ \ \nj\ < \   !  F  D̞\ bݒ\ J S P  \ @n?%\ ;      o\0\0\0IDAT ﾫ=   F\ |3	T\ \ \rW sn\Z{_թ\ EuUl  \ \ ,      \ \ \ \  \ f\ \ B    !9皪U j\ \"f  P/   \   꺎TQ\ 4]7    XK\ 2 v r> ib梖  \"٭\ s x\ n߽ => \  \'/ HU{ i :0\ 7:\   _<  \  \ ?   5 ΓvQ      { u\ w       䒦.uS  29_  u K  2 RrQ: rpћcm\ ʝ \0    \"KN sff P\ u &rN \ 1 \ o \0\0\0IDAT{ Ud >  ʄE U$\ I}Q*b\   l $r [2\ SN ﺱm  oB\ s  1e  ot7N$ \ V\ l\Z xa\ z \ n   \ &\"cC! Ae\ZGv4\ \   \ \ 9WUղ TFUu D|p \   C\ \ \ -T\ 9 Q\n\ \   G1  w 54 8 \ \ ;_| U ՘
\ \nW~Ֆ<\ | \ #  \ muG  \ #@\ L   (Tч0\ B \  u Trc\ < 1 $\ ׍k\ 0 R| Tu\ZF\ 4 h\ \ * UI\ ~y \ q\0\0\0IDAT ~  ksn\ z ~  \ O>8Xx   O    \ g=~x ^.\     YR} \  \ _ ٟ\ P \Z  \ \ \    c\ \\\  \  KI \ q/\ !xX?\ \  (Y 
 I      9V-\0\ \ \ n* :f\"rq UM  R\ ;U\r LNA J  \ Ts L9 \ d\ ,)K	ｯ*5\ 3 \ cj\ X  S#f \ \ \ a3\0      :\"3UU  d\0  @ w\ \ dSH   )d &U5#\ \ f NY\\F( RD\ \\U\ TU5  \ uz      !\0\0\0IDAT\r  % v\ s`O L\ \  ڇX@\ V (8 3 I- 2HX DKQ* \' f \ @RL YJΈ  ={\ Y, H.j  g!\ ~3\ ^  \"\Z\ \0RK) ] \ \  уu =v2  /   [ | Գ f   닳\  \  \ Wo  L !Z   ɦ\r[\ 8 \  T\ JV 肯  aɘz\ ݥ<	  \0x  CU   R\ RR bfEED\ 9\ \  hF\ \ =qJj  \ \ZAI4 D\ &  rδ\ d \  \0\ \'0m  9{\0\0\0IDATzVH\ b\ y\rN   L R \ T\ LL`4+: \Z\0R#  \ x H)r\ \ a ÌR  9 c͆خ0#W\ \ P \  \ ԡ5W\ ;  \ d~0}   ѻ\ | 0 ## *\ PE\ \ #΢SB\ *a   ͓E  I \  ܯ  ` e   \ `\ )  \ S\ ӳ @.`fv  j \Z y\ \ c \ j 2 R\   >} \ \ Y    \ \ xu ^ .NN\ ͢Z \ \ 
 \ ~ \ ~ \ \ f9\ \ Xͦ d  r Jnbf8   !V\   h\ z\ {\0\0\0IDAT \  \ \0 q\ \ 8\ \rn\     V$ H6 \  S*\ 숌\ $g y y   	F   \ \ ( T !9* c\ \ 4M䘝2 Yj`bĆ\ qQ3 (   PWA \ l4 A  II3 b  & \ d##5)    fB`5)s ڌH!s\0d ]t\\ x  \ \ B  s ()   (\ t\ Мk֒ $\ l  l  ۶ F\ E   $7 <Ny\ ) @ j ,J\ pl\0y \ \ *< U \ P.&j:) v`O\ fVĎ̤$  r s\ 3 - \0\0\0IDAT3| \ \  \ nU \ >  \ G\ C\ 6/B} >8^   ױ	 iG\Z  /= \  \   ~S\ n \0\0\ \ P-\ \ VɃ= # p \ j Z/\ {8 j   j. f\  Y ZQ\ \"	J 2 9\ \         /US \ $   \"\ \ ̢\ i\ &咦 ¼\ ٔf -0E  l   hEM \ T \ 0 \n \ (L5 ζ     \ ϣ\ \ \ T  \ ̽hq\ b \ \ \ \ <  )  \ WM\\ձ PZ a: ԏ  t[3! \ g\ <    : \0\0\0IDAT\    \ \ \ 4\   m\ Z,붭 \ \" ˊ]U\ \ \ 6 9\   9OF d\nHl\ \ \ c \Z` \r\0 j)U\0\ C_&YԠ C !\ ,    .\ US Ĝ\ j ZAd\ m\ ص     \  \ كe  | kv A\ ^\  \ \  ݷ    \ 1\r\ y skG #+Jll s G9 B `W     L q\ \  \ Ai\  \ U\"\" s  1 0\ Ed 1M   \' j\ f\ M&28OL\ `\0  \ q fy i@\ ̀Ȋ\ \  6Φ\  D \ D\ `\0\0\0IDATL $           \Z  @m6i @\ \ \05  \ B q   *!   \nfb\ ܇ʯ\  `Ѭ cɲ\ \ n IS  >   ۦ\ \ ૺy;l XI\ 8 Sߥ<  y  w  ч j \ ] \ zل \\UWU KW Z\ s\ \ R\n\ $b  Ug X@&f \ \ 1 \ \ *@  i\ \ \ MU \        \ \ 8 +%4M#  \ Ց\n n\ lhu\ \   m1%\\\ a\ \ \\  \ / \ ?  \   ׿ \ ~  \ m\ !fpd $\"q  \ \ \ c *@Dn \0\0\0IDAT\ 0\ jPb\n\ Y \ M sSFL\0   \0\ Dp :V\ ժm\ YQ \ nw    I`    zvUU5  } 4\ p\ U\ 4\ - eJDD\0       \ d   y W :\ ^ f \ \ \ ^\ \ V \ Q    \ \ ν&\ \  \ \  \0#F_5\  +[\ V[ 7 xw\ \ ^\ ~C:\ \ i\ZT Z2	.qx Jg\ d\ b&   *ʴK\ q   n * uX \ ԫEsp\ \ uU > ] C\ \ %yɉJQ\ Vt\ W ߭\ i ʼ!\ 9V c dM[\0\0\0IDAT\ U\ mo61\ ؄\"6L L\ ~\ 8F\ \ \ 6  m  \ \ A \n\Z   X   \ 2e    \   zyr    \ ŋ\ f7\ 2I \\  \ H ՠLAe2/D\ \ \ e z     (\ #D S3R  I  U ٽ    8T i\ \ jU\  r  !t]\ ^]\ \ \  \ X\ T  r1  z >8 1^\ nƾ/I#{GA{\ *\\ \ b\"G\ `\n i  `   Ք o^UA(  f\ D  \ .v\ L\0 Df4g E M )\ `13 g uX,\ z<Ħ  \" ?\0\0\0IDATns   λ  R;\ C ԙ\ \ \ *\' 9c\  ɌT\ \n  AC 0&rLP\  C \ (~\ ΍S  U;U\ u V!\ U  D s \ q Jو fݪ )1` \ #G\ 0))[\ R\ \  ^ M \Z ]\ nnw{ \ \n \ H˰u i -cͅ󠃒R\ \ \ \  \ _     / ;  ճ\ \ \ \ AT \ \ \  0lA\ T LGjђ\  J1SK2Ny. \ ;gs:2Ϙ\ \ t\ jUUg\'\'u]\ 6\ 4 \ 00s]ץv.  \\.U N \ S \ \ %\0\0\0IDATJ  D%\0U\ \   R  \ u\ w ns  Ee\ у\ W\ ~  T7  \ XD »   \"%8R \ \"\n lT`l  Ҽ|   9 T	\n3# \ \\ r 6  F` \ \ \ 92;G\ Es  
7\ o\ n . \ )EU\ 1 I\ h&\ B2\ DSU \  A \07\ @KID\ \ jdrj Ym\ t\Z \ a\  p\ km\ ,\ [  In i\ &4״\'\ =;΅  \ \\U{ l2B \ \ \  .N ~ \ \  \ \ \ \   \ / \ \   \ 7  \ ܲ ~\   	\ :\0\0\0IDAT\  \ ի\ ? \ \Z\'%\ :4&4Le \   \  \  \"s\    r    F?JLԮ 4 #Ӽ ~\    	: {ID\ \'\ B \ j5 \ 2 )`\019\ C 4  ,\ \  \ 圯   H\ J) \ \ 0  \ \ p \ 4    - \ ӳ D\ ՛w\" \  \ 斁 Ւ  q\ E\\t\  \ `  \ av+  `s\ a3(H\ \ Y\ ݣ\ \ <* Y C\n0#ƺ c  e,۸^6u L  } \ ol  i   b%S <  \nR2U\ 3*=?. V \0\0\0IDAT\  |:\ +Ř    faP=Cd  =׎kv4\  4&W\ P    ] ٕ\  $Cbg>ܧ1\ i\ S   V\ \ \ \ \  ?z \   i    \ O >~p     _֕    / \ sq z \ @\ \ ͛\ wC S \ \ S  \ g   Z x} 
\ \"[T   7p.    \ ز\ 4\ 7w7W 0 P3H G  \ g/\0  2\ \ \ c \ BUUU!:\ Hm\ #\ Q0Uu \   F.\ \ b X\ L E]\ \ 9 Ɣ\  J \0\0\0IDATtw\ p\ N -ʠ  x \n f
\ \"\ 	U\ \ |_\n5\ }VS\n \ u 9ln)  \ [\0l&? \ 9S\     P u  _D^V\ , \ f  ܾ  K/) DUTDl\ \  J\n+\nU\  aj   @1D\   \ 3 ) 0n    \ \ \ \     =\ L U V-W $ϱL~ \ ʤP *fV R{.Sv \ NN \ G\     y\ [\ ƔtJ Ǉ \ *|zq  ޟ  \   4 ?      G!8 \\NI./ hvon    蒆 7Ww c \ \0\0\0IDATG^ٳ\ \ 3S ,c\Z P   VK  8\ I \ \ 퍻\' wZ\  \ \ Y<  \ z}x hj6&\ rތcJi\ Y\0  s)*f 﫪:\\-   nnTu ߧib&Ld\ i9 {_  \ +\  \ \\ Ԙ \ HJ  (#0 * 	 \0  \  ޶\ g[\ \ w  \  v  \ \ A 9 ,\ e  n\ \\ ~\ on \ UH;     H\ 9  ̊\ |\  <s #  \ !\  \ <\ \ }oO  -ff u<   \   7E $uL>\ M \   \ I  \"\0\0\0IDAT\ - \'U \\ ] l 2fR\ XR\ `ݞ =} \ G  _ B\   Ǉޙ6 \ \ \  \ \ U \ } \ 0 ʳ\ z  \ ͻ   V\  \ y* \ u |   _^޸ ^     \ / ( +`  \"L`\ \  L*\ (γw  왔 Z0Mw\ W0 8 p0 \ \ \  \0 ;\ E  ) 4\r  놜 * \   !1W %\ \ \ Ƒ j\ 6u3 j\   4=  \"S\ \ Y  N  >\ \ \ p  !76\  l	  4{ \' \ \  \ 5ί    4\ \ \ U\ \ \ \ \0\0\0IDATdI \r·`MP\ \ pw9m/˴ nO ] pjz? 5   e\ g\ {\ \ \ 1Z5\   \  \   \"F cuV \ N   X Zj Bc\  b @ \" > 8 y   \ \ A\ :v  >|d):J<y  O >:;n\ \ [ !. V u\ ↈx q   T       \'\0  L\ T \  \ \ \  ׯ^  \ \ e \ \'  \   Dp0& -)  )\r  c(\ \ \ \ \ \ a*yr j      r \ f R\ s\ c. \ j \ >  \0\0\0IDATVRf  \ \  S%6 Xc \ a\ $\ b2\ aɚ ;     t\ ,Z?m H N\ b \\[QX [:%JC! h6\ \ ?  @F\    S x ~\ \ W\ \ 7\ q?\ \ *  B  X5 v,Ә \  \ \ \ ڗ \ 0Fg*E@  \ \0u\  \ <\ \ g    \  Ŷ k33f6Aw׫   ~Z ub\ \ > 4  XS g  ns ~ ^\ Est \ BS*@\0   \ \ . >zp   
 zQ5+\ \\\  P a iZ-   Ռ\  \ ջ\  \0\0\0IDAT ι G  _ \ \ ْ\ H\  -\"2 lw \rI   \ f/҈3 \ o \ 1  \ c4= 5 q@ \0\n \ g\ \ X\ } \  Pe\ \ \ Zŉp   ~NB\ \  \ q    o^ \ \   \"ji \ Y3\ZX+n\nVL   \rѝ P  x \ ܴ H  մ
!&\ O&\00 E 3t\ E\ 7 \ l\ \\\  p\0\ u7 VW  , 5\0@`\02    \ \ u  f I OAU \ \ O/ :\ !  \n  WE 	 JJ\   Vm \0N h
I\ _   c\0\0\0IDAT p 5\ / w /q\0\0 Q\ }\" \ 6     \ y V\ Q ԙ\0F \ \\  \"9  8IDDv5o\ \ \ \ j \ \ \0 \ пϪ<΂  \0 1EJ\0psnmX\     9ך+{` \  5  9\ ꂆ\ a ?  \ js ӏ  K \" v\ oV\ R} p g X\ 8 \0 \\  !\ w߽:;;Cs|ws p8\ \ g  /  \ \   \   7   =\0S \ \ \ ;b -\ ܵ +x`@\ @\ \ \0Zkd&)uϟ _   \ \ jƌ\n\  BҬ \0\0\0IDATv\    e \ Mnඔ\ \ \0B\0  \n H\" \  z ^ U    \ ^\    q쬕\ M 9.\ZhǉR, \ \ u\ \ }63\0 VA3zET$p!\0A\ z \ -ck  ez   z
\r\   j\ \ \ c > y/kn:\    7_QWԆ^  < \ \nIBD7s0D`\ ehl )%r\0# Nc \ N\  =\   \0& Ǽ586w   \  4 \ <ϥt\ ia R f @ \ 4 ]  ~ \ *? `1 \\  [ \Z \ \   (ܔn Tr}\0\0\0IDAT \ 8      \ g \' W\ !\ 0(   \ \  \ n\ K    ;^N \  t \ ᣟ \ _}s  i\ 7 oo T  $\0\ \ \ |f@ h   QB\\X* _    x  . \ ɀ\ \ 	S \ \ \" 
\ y\0  0  6   <S WO \ b` \ \  \  \ \ZMc\ f  J  T \ j\ v8  \ \ 	]\ ϯ6     \ Ano\ s% yޯ\ g 7t\ ԭ\"!S8 P  54͠ 3\0`Cm\ *n\ J  \ \Z !q\ N  \ m t \n\ P = \ \0\0\0IDATx=߽*  \ \ he\\w L#
\ au_7 ϧ ptP I[p\ VC *1 \ Ԫ     \"FpS\ \ \\ /sttUr\" G    7R   C Zk 뻻\ .ίD$ T4d  \ \ \ pmB\  \ go     ^ \ Ǔ\ #\"  $۱*j / \   7  \ \  ݦ \\\ ^< z~u  \ \ \   \ \  O?  \ \ \   ?  \ 4\ \n \ \ |w \ 7  ߾ N\ z\ \ \ \  a i t \ U) \ ̍  \ \n 7\06 V\ rs}W@ \\   \  *Y _\0\0\0IDAT  ۽\ \\~xsxC  \ \ a \", 慞 c55 q߼{ \  \    >x [\ v\ 6:\ \ \ \    \ _~ U~8 \ IbL  i    \ \"Y  VNǳ
 . PV Z+ G   !S [S7Wg\   \ \ u\  \ Կ 3  E$\"l >^ \ :8\ w  \  |\ m  }`0$\' \ S⮄ \"1W0 $\ j\ \ 8\0Jisɫa T  \ \ ˭) 8   QS@ \0$\ ȉ \ \ \  	E-  mF \ -3N  =] -\ c\0\0\0IDAT  O  rh\ 0MS   \ ۇ\ 7w  \ o y{\ c    \ \ \   \  \ Ӌ ?|\ ų 7onWgW?  /nn\ ^   ?}w}{;~ q\ZO%\'-^[ \ AP\\\\i d\ \ ]    \ jBc6\n \0   \"P  ֗\ q*  .\ \ \ a1|\ N\ -    Ј  ˣ\ S[ :   c \ .W?x~ \ \ \ 0 ? \ \ n \ g ~  ˷   s)S 9 ׫ \ t\ / a\ \0q  \ z/ \ \ H 8\ \nfd$   LS  5 \ \ ^ PZ \ \ G\0\0\0IDAT \"\ CDP \"P  $ᦣ  6S9   \ ݵ    y \ C\   8Ƹ( Z*\  \ Lm \ x\ \ r   \ e &,` eL }? \"\ Z\ a #/7   6\" \ h.3      \ 0 <  \ 8\ ]\ \ |  7g\ U\ ]\ \0 < \ \ w\ \ \ \   q  \ <PQ\0 Ru*y<   }  \ n   O Ο\ _ ~ \   \ X  \ tpƖ[\ JK\ N\ \ j\r @   у%,\r + 2
3Y \ \ F\ N\ \ ` \ i N\ t   O\ \ l  \0\0\0IDAT  \0  \ A\ǹ`B \ n.w\ 5oJ \  \ nO7 d{ \   \  \ \ _         ;\0Fa 8\ v]\ _\ 5Ϧ .\ <N]    ff  0  j   SLIBZ,\0 [-\ hu    \ . ]\   \ {}\ ק۷\ xϚ    B\    H \ @ \ *\"
  \ \r\ u  km Ȉ\r  \ @ \ D   \ Qi\  h( D` DhHN \   =   Tu9\ ͔   	yV\ \ x8 s ,) \  cʹO   \0\0\0IDAT  \  \  9 \ D$ƞB+1!A  \ t8\ \ w  \ \ \ o\ \ o\ ^ yR  rŮ    ) A h\ ^ z Z E(Fm\r ti{ aF/    d  +, 1w4m \\\r\ \r ) \\f     n  $t}h M   ^|x z\   *n; \n  8 . \ =\ \\Wө   \ \ c \ &k \ *jAA Np:  \ U \ J.Zr]\ \ ֚Asbf  \ \ 1-  iC R\ \ >\0W^ p  3 Q R\ Na< ǻw\ t uB   ! \ ۳\0\0\0IDATšO\ 8Pq
)Z  (\ }\  \ \  ,1 \ \ V u u\ Tmnf\ \ \ c KADarGG|   ! 02 -\ b\0h  .dA	\ $J\ 2\ s) 4 B }\ ;b    \ 1Oc	 ü \  \  \  XN  1 C 2 :s)(\   !8FB	 \ |< Cy[U!  b V= G [uU J \ p zb\"B \0V7  n . B   \ \ 8   \ \ h  B  h  t\  mѷ  \0LU\ \ \"-   ~5DB(  6\ \r] tW\ \  	 ZK\0\0\0IDAT   7ׇ m \ \ \ 0  y:  =\ 	\0 ޽{۝ߴ\" S\ \  \Z 3# 1\  \ PVC % M1\ \ Dg$D$    ڇ8 \ M z ż:4 s    U\ u UfF \ j\ \r \  z \ \0RJggg\"  9 @\ \ \ j ff\  #!1     . 90q\0\nB     ٩ e*$,\"c@\ \ \ \ \r|.\ t:IL}\ /L  \ \\J \ \ \ 2\ {w =\ \    U Rtt 57\  C  EGDP6 \nBIDUP:4  VE\ T\  
@ K+\ ZC k2 \0\0\0IDAT \'O.    \ ffwC \ 5$D 5/* j  赀5`7g   8\ \r\ \  \ 1\0H F[Zm&\0< 4t \ |     \  ZK\ r{\ /_} ߏ\  \ \ /^<\ 7  ۇVN\  \ p \ \  - 53 \ 7 \ \ [پ\ y6\'\0$ \ \ `\ h  \ ]  D@D$ (Qqs`J$}PK$ܱ\ o_   \  \ 6 g! \ }\ #\ <\ b `f\" \  H 1 `) \ \ \ 8 `.Ċ X\  hN Հ@B!,\ bl\ \0HQ \   c  \ \0\0\0IDAT 	 \ g*f
& S\ : s (<M   \'2 ֚BH݀ S \ f8޼\ \ v \ \'B \ \ Qg3GNI \ \ \ \ A  Z\ Ә[\ %w) \ y \ \Z\0TU\"  YLK     \ v  \ 2  7SwG&\0rD7#0͹44 \0 \r\ \0\ ]ly:  \ \ 9 {  / V$70p@a`@D \ ,; \ \ a \ Pfm O\ \ H\ \ \ o^~ \ 0  o\ j\ g {   } 滯  \r\ :sd 2  z{}  ;_? \ H.\ bж\ 8	 \ 9  \ @\0\  \0\0\0IDATFuP7+h\ \\)  \ \ . n \ ]ݳN\ f\ \'O  n+ :OE Y  K ś\ \ 1 `f   \  \ ݘ\ \ \ B \ b \ . Q ͌ ]\r W}B7 DA(\0Cp  Vkmj  Q8vy߇   Gj  \ \ 8 =({\ ̌    \    \'\ !u1ZX  u:͹  \ TU 6sG\ (s  > ;  E\ \ j91dh \  (5tGB7	!\0 UUs\0@L$\r \0\ \  \ ! \ y  | \ 2~\ \ W -wPZ\ [\0) L =F \ \ \ \0\0\0IDATj  C>  + \ \  <ݼ t   	\ |:M 7  Ͼ \ \ P~  0O\ \ *\ \ V    OP\ =x׻5p;p .ʪ   6 ^ 0  9  \ c ,\" n 犄B  ƀQ\ ڄ/ \\J_ \ s Gi \ x7  $l\ Z > \ 8#`\Z\ \ \0֛m)\  ~$\n  .  \ \ t8 ` Y ~ zx  \ z\r\0Z  P u\"n \ >  k Q\ <u) W}$\ \ \  ) \   \ Pr8\ 	  k 1 ۀ=ι 2\ n \  }ͥ !a  k\0\0\0IDAT ^\ k \ o^ \  \ GG\ >e C 8 ٭  \Z 5p E l 1\ t: )  < VܝI	\ 4\ cdd40oe gwk Aέ >d \ %Eh !\ \ \ \ $!B\ j  \ \    \ 4 ZȚ/ zf6GW3S\0 \ LAi \ \0ِ   =0\    {  /   ˁ  </s\r C    ՛w  !OSi O Z\ |  \ tN\ \ \ 
 ; zܮ . {Γ:  r      ZP 5w\'\0  f\ \ \0E\ 	C\ M`  \ \Z  6\ \' LC \0Rh \ \0\0\0IDAT)\ 4\ Zkm H \ \  ?\ \ ܽ\  < \ \ a  Z\ 0ggg _ .     
QD\n N1\ .\ fJ\ H\  \ jA\ >   \ \ *  f\ \ \ \ <  ŀ\ $b \ \Z 	䮪 ! j9O $\'2\'sզ ٬v8ݾ\ ߼ \ \ ٺ(U\rm f\ ,\ F\ \ 樬 K\ \ Mݕ k  \ \ r\ L 0  { b\ >kSPC0(͠4f\n!!	 gO :  $. Ɂ CL!6\ \ MMmA\ .0 \ \"\'\ \ nCrGvcE      u  ?} \ E\ \0\0\0IDAT \ \  \ \ })Md \     [k\ <  \ T      \ 7ߞ  \r  ՗F   [@  ֊62\nZ kEk`ʆd\ \ \ 1X  U#\"$ NZ ! \ 1 #\ \ z     Z,\ 6 :;2  |w8\"\ 4 \ j A\ \  X\  \ 32\ S u4Si  \ xww\   z=,g+ @%   \ b \ XX .v \ <  Y \ .u  \ l\ o\ }  \ 6   F! VS   \ ͢ 	\ Z Pb }>\ \0   + !  i1 \ ۷w\ } \ \ \  \ c 1γ   (\0\0\0IDAT1  6\ e  jn \ \ *xu4 \ erkF\r  `OD 1\ }J\ \ c\ R\ 
\ : \ \ )\'D \Z CDRal 8v\ \ H QBF  \ SJ\ m\'4T/ފ  n 0\03$ (!!\'`V\ s) >B~x  z{}      \ 6  \\ffn \ ^    \ ? xa: \  P@D*ޠe]\ j\ \   \ e  d_2i X  2%\0&vCd`B \ Q\ \ \  \ \ ۯu  X \  AU9 eJS\  \0   R\ y6 . Rgu+  \ \ u \  \ \ c N,\0\0\0IDAT˗/7 \ \"l \"
\0,{    K  \ Ls ٻ  \ \0  ! u  \ ,EA 3  _ %wy\ \ =EQMs }J\ 8 M\      PpF2dh \ w/\    o  ~  Eb  0vwQk  l^  [ Qg F`90 DV \  \ z< J) \  \ $\  ̑kmcV \ X	  \ZĎbBrIHpbIHD\ \ q <qyr@  IH \ * \n  w\ ޵2z }:V  x ퟾  - \0tq}u\ h \no\ C\0- |  \ \0\0\0IDAT1I>\ Q\ ],\ 3wq膡k  \ .90$x  .\" -0o!bt7U@D F4 sou KPD  \ ow\ \" ?) 4MIt\  ql -@  0\  \\K3M}S \ J)\ ~qu\ Z0\  9g\'_   \ 1   8\ y 9  n5 i \  \ n~   / \\tA$ \ \ b !pN] u T >9R \ \rK\ RKF .J˞M : 30At 2  7p Y    H V\rM\ \ ݍ -\0\ ҵ5hM\ M	 S[`JJn \ b\ g    ~8     \0\0\0IDAT8Nm \\A   8\nq\ f- \n\ 8V :g @ \ \ C Nu.j&3sn\ \ 4)\n\0   \\\ b     \ յ \ 9xe zx   k \ %\ #HO o\ 6d ]\ \0ȵ  *w]7AF l\ D !  U!\ \ \  3\ ?N \ \ 1  53 sln  \ ]\      \ \ S )  \  i%o\ \ \\7 \ f  \ 9WS\'w\ \ Ky\ M,. Z+\n V+  \ \ .\    \"RJ1ӥ i 1sJ\ | \ <} t MﴕJ  	\ 6\ p [  \ JA\0\0\0IDATxr  \  | N \ \ Y   ͆ V \r}  u  ZGa׆\ C\ Zn < y\n1 B  2:;x \ x  ~ \ \ {    9 \ \ X8&kd \  \0FU\0 *  E\ uX    fͼ \ \ZԪ ;\"  !It4Uo`!R0\" 1\r !S\ r  ޮ0  ٵ  0 c\ \ \ \nZ\0  *!vf\ \ \ i*U[ q\ \ 4! \ ɽ@s  q   \ l \  /\ 1 \ 	  \ ٽ<j  Q \ \ wiwy\ g  뵦uu\ } ]w ˝\0\0\0IDAT\ ڒrE\ R S  Fd\n%\Z\   \ Ч\ \ \ \ t\ X\   6 \ ~ n   \ 8gD,M9DdY4f% .J\ bΙ    \ \r!ƘRz8\ |X \0 9u!   \  gϟ   w ^ݣ
  Rv\ \ n \ m\ \ g\ ./\ } 21\ fv = \ \ f{ \ \ \ =   \ \ ! ] զӘ\ $!SWm\0$  . \ u   \ \ G?^  t ^w       ;   \ \0  N l  \0 h	Z \ \ \\ \ }߯V 1  a-    ľskj\ <\n\0\0\0IDAT$\ \ 1u   \ \ZC r   j-S@\ 9& I 8 \  إ\ \  \ \ F  y ! \ i \ yAZ SЦ9h 	1    \nB\r \0 ܔ     y\  l\    \ \ > x \ I W7s?2T \ X \ )H!\ \nP\r \ \Zj S;ޑ7L1\ -pWCJL \ \ }j\ \ \0\ \\ ðZ  )\   \\u\  \ wha\'   ;    \ M
\ \ \ ·\ \   \ 4C/Le \ l\ w(l^\ \ \ \ \ \ \ \ Żw\ \ !rB\ \  } ^/1! Sz~ d;t    \0\0\0IDAT  H\ \ \ w\\ \\\  >  ݫ ǀ$c \ 0 \  \ \ 9\ \ \ wI
  !   F\ e\ P  m s \ H]  a$  Z\ I\ ͚ Y\ U\  
 7`\"a \0\ \ ]DB׃Ā   \ )+ \ \ 1s ޜ\ ږN}  a8 \"\ Z # .  \ \ ַ\ \nӲq\rQ6\ 0 ILn  QlR3@@! \ V |{͑b  ? 6\ W    s\ \ u\ ]k  . \ W ?~q  \ \'?yΫ~ \ \    \ ] Wژ\ j    Y\0\0\0IDAT \ 4   1   h0{\ 7   N vË| 1  $ \ > 4M )! ﮿\0Oǻ { \ \ @\ \ ڒ\ qf! \0    Me\ \ ZkQBȳ \ \ \     Zk\ \ ( U\ .6\ ^<Av/sm \ Z ^<٭V\ x >^ 6l\ \ n nI   R :\ ^ \ ~ \ \ ˯  < p   }  \ \ 뛷.    6g \ |<X;alB ؗ\ a\r\ \ \  \  M \ z u  \  i wT \ m  P\ ]   ]\  D %=j\   4 j \0\0\0IDAT8pU   KA ~  C ͜ .ck3p2  ٮ   \ HL \ b   A d.     x  \ i <Ƽ  \0\ JuA@\'tr\"\'$ \ \ e   Č$]_\ X l mh\  8\ DZK\ c{ . د\  铋> ḿ{  \ \  \ \ SJ\Z  }\  c rT\ ]   BJR 5l     {z\  @  \'  \ l93K\ \0r\ 9ϭ   \ uً  F ؂; 5\ Ed\"A^vѸ#干  +h3pn  \  󫳳  /Q3Ddp\ :\0\0\0IDAT <N\ \ \ \ j7]J\ \ r;  #  \ \  ~  Ç<  tw fkn\ V \\ $)Go\ \ \ \ \   \ n歴 bOMq:]     \ P  \ \ \'R
\ :#2\  |횵ehą \n  UbDh,\ nn¡\" \  i]*# (1uF l\ JJ \" nh  +> n9  \ Z\'%g \ \ \"̈K2J\\[LGrgb3k  lYkY\ a\ ^[^ \ \ ꪋ]\'\ 1 .w\  \ g\ Vؼ*  h \ f ~u  \ _\   ן < =   \  \ ն =\ u\0\0\0IDAT #ԧ\  \ \ \ \ b\\\ z  tՆނ y< ܬ |#m\ \ 8 Z\ 4\ ӑ7\  \ 9 R  u!\ s\0 $&\     C\ ff\ a   ;\n\ \\  @\ 	   \ v \   W\  i\ $F I\ / Ϟ=    Lk\r Ub\ l6/ } R: | \   w  \ \ /  N\ \ u: yޮ  \ \   (h - $wP ꚺδ\ \  \ ~  \ \ \r\ O  \ b 6Ԇ!R?Dj1B+ \ l> 4v \   \r  \n \  \  \ 1 F i[ \0\0\0IDAT\    \ Q D   \ !   8 !Q \ \ L \ ڲ\n   B[ Rݍ \ \ U@X   i3[ V \ \ \ * \ d \ P  p   M7 ֱ ~ \ {  Uw \  \ o   4J ﴸ\ R[6_\ \ \ 07c J} P B \ XE  \  a 6OG\ h    ֩ G\ i\     7 \ ߬׽Hn \ }-\ <\   \0\ ~ȭ\ Ma?\  `  \ E\  \"\"k\ E\"I\\ \ A   
R`\\%yvv \ {\ =}r9t Ft Z \ \ Х \ \ ٳ I  \0\0\0IDATO >V \   8% u u \     }      _  Ƒ   \ 0Nu\Z  > \ \ o o L\'  \ N \ \ \ \ j\0-\ \     \ /ן| V  5-?dV knD 4*D\ :\ B   5si\rȬ  ֪[\"!!2 +\ ! .4\ \ <$3G%aqva ,\    \Z 1 63pWr\ V\ 
  ,lfuw44w\\d&4tMB n\ 	 E  \'԰\ @0\r !02!I   u)%\ =  z J V! l7>D\ B l \ Tfd\\\ \ \ s  -\ \0\0\0IDATa  qO .v  \ \ \\ v   ʨP\ \  ;\ /\ ;jc  u: |j9s - !r  \ \ IZ ;=J    d 	   1 :-\  \ ·\  WW b Y \ B .\ \Z D \ \ \ v [a   .v 	  ;  \ W_ \ /   \   \ O? 㧟 n ٭  \  \  vӯ   x \ V&$`7 `\ \ < \ \  -OO\ } \ G? \ :l\' l\ \"  c`F#P \n9Q輌R2\ \Z\ZL  \ V55 U \ Z\ T !Iק\    \ \ \0\0\0IDAT k \ n 7- \ %`S$ \ I #\01H`bsBw\rf\ \ \ n\ L\ ,K> 	M #.tCk \ \ j\ \\ \ < \ \ \  0N\ EĜ _|  +S\ U   >x\ \ }\ \ ws < ) 2L n   `: Թ w P \ \ ߂ H N@ \ \ | \ G |_\ }  \ \n
\  \ \ L  \ \Z `\  \n\  \ bHrWAqDC\0 %\ h\ ս\" w  خ^\\    Z ]qm j+5\ f\ LL0ti \ n k     Y\ ܊-    \   \ .\ \0\0\0IDAT \ \ g  \ \     \ Ͻ ! ۡ    y f ٜo \\&m 0\" / Sp  \ Z J\ h \ \ 7\ n \ \ + IB\n: kk h\ \"AJ z\ # Guҹ!dc jf\ \ \ \nXͧR  F  \\ K !a\\\   \ f 	 :  \00z\n\Z2;\n 4 l  $ \ y oqR3\"\\ n\ `\ U  02  x \ YTt  <]\ \ !n uJ \ 75\ \   a :<\  \ cն\ l~   ƛ  ?    ᳟\ e  >H [Y\ \ *  \' J)q5*\ A8_\0\0\0IDAT7g? \ \ O?;\ ww@: \ ޚf 5  \ \ = =  a>\ \ \ 0t\ 0\ #   ` 4    ~\" \\l   U Tݠ\" 5w B\   [u/ \ ߻ xr I1\ ө\ \\knZ O!  \ m\ η \ j   b\0Ԝ   \  \ \  \  \ / \ \  \ / \ ? \ \ ?} \  b    \ (  y i%D\'\ \ ?\ n\ \ 1\ :\  ! i q?\ \ O\ 
\Z  (\0V
\ h $FJ   u˪   8D4hF \ %\ZK l$ \ C_9 Աhk\Z\ i\0\0\0IDAT]7       v\ \ \   #  2=U\'u\ \ j f\ K\ \'Ƹ M %p\ j\0hF pr AK. c ; 8U \ \    ՜  ] ` \ z ^} \ \ \ }Hew ~ \ M\   ,   S O\  ϏY\ \0 ߬$2 P 6\ /  Mӻ\ o  : >\0\0 [>\ 1\ 5 4 \ |Jb}ߧ \ F̼\ X   \"\"b p \ h  # xS!t7SFO1 C\ \ zu \ ]\ \ \ _\ \ Z ֦ \ a; V  \ 0ע\ VM22 \ v \  ~QR \ \0\0\0IDAT\ /  \ \   \ C\ x   o_ \ ۛ\  \ \  \ \  \ \ YM;\ 38R GK bv\ S7  7\ ~? \ V\ tС 욳* a A Ku2 . \ ]R\'uf< #!\n  Kn!8s 9{8 B\ n#\ 񀱯 UB \ k6WU\   _m\ * Ѳ  \0D  G\ \ \n   | ]   \ R3   !\ \ \ f\ \ M}nm΅B_  \ \ 7_ r \ A  \  \  \ v\ 7   \  u+  7Ϟ= \ ^ \ y\ \ \ * =T 9\r]\ \ 903] \ \ \0\0\0IDAT 6\ 5O   \ T \ Fk> ؖ  n  \ ID*5 f/ \ Xǃ m\ 0u\ p \ n*/ \ ²j\ ̗!ϣ\ W\ \ k BB   \n\n\ \     >   \ a\ w\ ./.w[   N \ 8ui K  i   ^\ ܠida \ ɹK] \ \ n\ \ \ \ \ .//  \  \  \   ?lJ    \ \ \ \ _   \ ֛]z <G \ zsАUc`Ֆ  M+\ \ }   \ * @\    l !t 7\ \\͙ \ P  8x    QC   ί\ \ nKL \  \ \0\0\0IDATYPմڢ\ \ ov   uZo	 Di  bRN \" \ j$  \" ڪ\   \  5\ ~ ]$svÚ
\ d> G\0   \ \    A\ \ IOe\Z  i+(XZ+  B\ 5S7\ <\ #\"   !2     \   ? \ \ \ \ \ f ۍ  \  N J\ <> \01\0s  V* @L!JLC Z߭ \ i\  h!n\ v  \ \Z ܘYBB ֚ =\ S  7 \ ?  o\ Fx\\`\r     t\ u\\\'&X  gO \\^  }\ ui\ -זK  b]7  N \ \ Ũ  \0\0\0IDAT \ \ <  \ !u} Z\ :!,   ={v~~ ş   \ ~ \   \ \ 
   ?   \  \ ߾~ \ \  ~xv ߿y v   b \ X\ \ Ӂ\ ЉxъV \ j \ e^ #
	3$g3\n KbA    7 \ , ρ  [ \rQR ֻ ڞ\ -\  ) \ D  [ r7P5& RDwhz4 &fͅ@    \ \ \ k\ G ꥙>2)[5 5P  nH
}  rx\  ]=\ !    \Z\ K \ \ 4k\ \ z 2 [ǻ`s!\ a; G \ W\ 6\ \0\0\0IDAT/\ ϶\  \  ݐ \ \ \ ׫\ zu<ͭ5  stzgQ (! \  \ ý)+\ \ >v \ f X+  ȥ\ \\ j%  \0  \ czvY K8 1\  \  f4vg ġ  | \ \    g \ \  \ Ry  \n 9O \0R7   \ ~ \ ud\ w}\  a5[  ~      7 \  \ Ͽ \ \ O?      _  \ g\  \ \  n \ \   \ \\$  ˫ \ ٛ   >\ \ Vr3w\n        \ l \ \ ֬\ y9`\ 	%2
ֆZ\ \Z9 r\ v\0\0\0IDAT;w \r\ xĆ!ua v\ B   B   : \ , DQ Vt\0d\  \ * Z \ \ \ Z  B\ $ Ē\ C\nH t\ \ \\\ 1, \ \ZE^HTjZ Dt! p}$\0vp-^hx  C    \ A\ ,\ BǇw \   ӿ  \  \ \ o^\   ˯ɱN3  ދ! ?z\ \ \ l a8\ :  A b\  }戴py     \  \ \ \ a . V ^ \ Vf \ sm  9gS\r Ɇ [ \ } ,\ \ c EDU {$ 3b\" D \ \ *]\ \ j Z  Ew\0\0\0IDAT z ^~  _|  g  }  \  4 F B( #P \"   A \ { \ ɓ    ~ \ \ \ ^~ ͋ >h ]]] \ W \  Ϳ  wc.CHO  \    \ \  \ 7\ tB n  6efi0   \ 	 U \ \  կ  \0̠\ZU \ h.\r<uA\ \  q\Z՗  \ uq\ )E5 D\rP 	    \  g\ ~d˲; e 9.L  7   ]U] =  93\ 3\ \ a4$Hz  yz   pDr\ l  \ 嫺\  6m \ YKq 2@	|\0\0\0IDAT8\ )DƎm\ ^ \ 3   \ C! \ \ b \Zi
r4	}a  &e; QI@L@\ ĪJY   * `\   \ ] \Z\\	 6͔ `h \ \ \ \ \ th  \   \ ߟN  I<\ \ \ x  \ \  آ\ .gf6  \  \     \ rz  l39\ \ m\n\ n1   _   \ \ {  tE\ \ NYRL\  6 a;P\  ! 1\ m< lS [  *\     *    PH JbDϦqv\ \ ^3- #Iu]O\ 3 \\ ݯ Ͼ~x\   ,\naҿ\0\0\0IDAT\ ЎAR\ Tͨ1  c\ `lYV \ j  \ K\ DDo  f\ u\  \ *  ж\ \ b)H  \ \ \ \ rs X2IMQMS\ c  S4I  X_ \ \"p$  \ \ U  p
\    ~ \ W / @G D5  Q[	09GD\ 8
\ \ ưUg ѐ!2  $  5\ hT2 E   M$\ r\nJ \ YC. uz\00(   \ \0\"$R\ UUxk  K\  a\ 4C \ n׫M    v	uQZ ,)tih\ \ \ >r\    }k|=q :  4 D\ \0\0\0IDAT <, ./+o\0   \ ?{ \ *Z6h  ր      \ \  b    )%\ =\ e+ \ \ \ \ \  03\ $\  dG[B  | \ #\ Y K\ v+& p\  \"\ 1  \ @Ei&e5+촪f  c\ \ \ B  =~    ^) ݝyFܢ_(&U\  ( QBT  $\ ֜     N  \'7n  \ q@į  j\  \ OO    Z \ ~ Z .V \ \ \"\" \ s\"T˸ \ l d  }!lMQ\ \   :bǆ 1C ) \ m   e_ \ \ \ \0\0\0IDAT\0\ !  )k_O s1t!\ YZ2\ zo  RJ  AYkU  \"**;vl 4\ <*  \ R֎ & *   yKE I :6\ UGoJ\"R\ f) \ \ U5sl\ f\ 7 \   \ N   \ Sɡ f O> \ p)\ W\ \ \ \ \ W \ NR4֊\ C\    \ zqz\ u  祯 \ 6 v՞?\ \     ^\ \ {\  \ M|yz~  oe6\ -{Ab\Z\ W _\ 2 @  y6 s -  ͍ q\ \n\ Ds\n  ޘIY\\?<8ڛ\ 8>\0      \ \0\0\0IDATŗ 䓏ήV\n\ \  a=\ Ek\ .  ql  p<k\ 0l$gl \  +   I]mۦ  \ \"  \ 2  >~t \ \ /\ \ \ M  \ i?$W \ ID2 )\r \ Xo ) \ K  8\  f c  lidK\ (@ \ ~8!TF\    \ zO@ \ {  P\rq\n \ 3\ \   \ 8\ c 1\ 5\ V b T \      7< YU e6eM\" I)\"% Y    ! Y4\ H Rl\ \ H\ 1 \ u G 4 \ \ \ \ \Z +V אF\ Ӈ >  ë\ \"\ \nk \0\0\0IDATl]5 i\ \ \ >i  Ybɦ]   @ 1$\   7  c&  IS\ \ > QB\ w \ IQ WW 3 6Ipvh\  \ ?܋  R W\ , c Cgt\  O\0    \     \0ai rX     (\r7\ ݽs{>  w\ \ \ \ \ \ \ \  \ \ \ j p \ Z3\ \ ; \   ރ\ D\ \ \ [ ; 0v \ \ \  8.\ \ \ j\r\ \ g\  ̅\ \ 9\ 4\r3 }ǐUrRQ\ q u )}  \\LJ . \ \ \   \ Յh\"R k a >Ba\ b o\ JH\0 T#\0CS \0\0\0IDATbFRa\ *@d  2Y \ 
\0 \n
\ ı\ p # \039O & EpV\"&\ )      - \n\02 n3 \ \r Bd$\ v3d ) )  P  \ 9c6 	8    z  8c4(#\ \ o\ 8 C\\C l   \ \ ݘT1\'\ ] ;; \' =} Ƞ  |)  ȳ\ е dpv \   g\ U߃\ !\ 1 Ya5 \ 䚳U \ =9=%\ \ >   ٤$\ a2 <q԰ک]l KY sRD\Z \0YH  \"q\"QM5ۣi\ \ BA \ \  \ \0\0\0IDAT\ y   \ iׯ^ {E\ \  \0  ~VVn\ xחE\ n\ by  \ ܼ 7\ y \  ų )C Fgiobۜ.O\  \ \ k\ 7 e3  ( d ?  r \   հa\ ~Zώ    L\'dx\ \ \\Y  : \ \ /_ )Z\ ê\ # f  \ 믿\ VF% Qe`6Ȝ\0HPƾg Qb`5 h\ T]   7\ \ 8c JI1:DÚ RIR    \ \ ȸmQ : ·Mk\ IF!_\   \ \ I Ř% c\ 0!\0`\0q\ ~ (  ܉\0\0\0IDAT	01嘷 b 0 S\ ) \ ֧\ \ % \0eհ\ ȘG  \0   f ǦP ~  
 Q\  Ŕ I2\   I    `E%HCJ  )\  v\ \ {\ -9:\  \ u\0\" W -\ \ (k   \ Fo]\ \ \ C߯6\ \ > \ \ N\  ,\ \ U   \  \  \ \ !` \' |   lqr\  \ \ \ \   \  gޱa  )*  <  \Z=~x\  /Ud \ L\ 3 r 9 Z]m E7\\  \ r\ \   i Xu\ c4 \ \ ^  \0\0\0IDAT\ \ _K {  i \  \ \ \  J\rXbm       2HhUD D, a l   N  ̻   b얘` S mK\ z\ X.Ґ7  o\ 6\ O\ ۠) \ \ 45+ \ \ \ ՎmJ\ 8# f \ ( \  M  (c $ (Y$n\ f    \  6qZ\ 4\\\Z\ -/ \0ė\ \ >&\"H\n \ \  9n\ \ ] 9ic   \ t\ : )\r  \\ ֱcN <o=ge\ $  Q& ԭ c\  0\ Xk1! a29\ m w \ } mߞ\ _a  C\r\ w.k\0\0\0IDATS U ֍  O   u\ F\ De鏯\ f3$\0    \ \ \ \ \ \ \ ك \ \ G!<~ \ ɳgu]@l}  q 3Sdu4$  \ w\ ;\ = \  { _      (C\\f\ \ H\ \ v  vX  eE)k  ˱{2   6|YymrbO ( \ LR\ h 	 $SbT\ -
S e ,IE!\ 4.  zUy  \ \ . Ω\ \ ] V\ 8 \ny2-  &\ <7A\ \ rC4)  D\ |=  \0 I 	\ UĂURaf0D\ y2۱U\ W-\'iȰ\0\0\0IDAT!
    @D j 7E\ \0  
 H)$`c - I] YX P\\VeY\ f{$\ YS )\ \ \ ;?\ 0sRcLFŜ3#RJA%o \nR E\ ێ\ N   ن!  \ jW  _\ \ 4   ? \ \ n)  {;      {  =RSxk (ݦ\ l\ ƻ {\ zL\")q\ \ \ ?x>   o> |1\\z      ! \ 2 \ f \ e\ o\  ՗ \ m\ \ ٵ   \ \ \    B  [\ \ ){    !, \   L>gݴ I `zG\r)\0\0\0IDATQ\ .] $Ơu\ d\n@iL 	T@3C\ \ B$\n   \ H\ LL \ 3#s/\  \  ǟ\\}y .u \ }\ Y \ ZR \ \  \ \ ;{7o  \  z1D$\ 0   sդם%T DȜ rdVQ\ n\ c  E+ ) afF\0     y \ 8\ \ <؝zV;\ 6 y[\Z ǡm[\ \ A \ b  c\ ,\ Nb\0\  f@`0  s\ ,\ pJ# % ą\n@0 ͌\  \ SL\0BEQ HΊ  \   lyɈ  *  \n\09 ,8 \0\0\0IDAT\  \  s\ $$1 \ 
\ K梮 -\ \0    \\/  (\n\ f X  u]\ \ 4\ N\ =~q\ \ \ <ǻ?|\ \ \ 8\ \  g>  \ ^ ዾ\ \ dr\ \  \Z  \ \' |  \ \\ ~ \ 7\ ~   Vc   6{S r  ,8\ ͤ \r\  y   \     .\ k\  \"\ ޖ \"J\ H \ \r \ NY{    n 0((\ H\ 2g !儈% k\ g\ <  {  \ գ\'\r䩡\ 6E[V\ \   \   \    \ \ \ \ \ \ ͟ \ T l] \Zɢu\ r *\ \ \ U   d\0\0\0IDATd$\ <\ZI-P `\ !#)
f\ \ L\"  \" 1FEQ   \"ԕw  Y B7 \r\ -b _ \ YU!gc\   >\0 }\ DA hSR  \rKȅ+  [\  \ , L\ \ {K nk @ /   Y\ q, lk|Ui  w \ w  \ ⸝  ^\"s \ _  \ ˲  󦮫  n ;K \ t:%k\ 0nV\ IY  \     ˧ \ ek ֻu\ ^    \ {\  \ [\ Ԓ\ \ 򣋋\ \'(: \ L  \ T \   \ \ kw^  \   f \0\0\0IDATrprkrx\ 7 |\ ]\\ _.\ \ eVz \ ݢ  \ O \ \ \ } Y7 U? ժ ) 㐳aǣ*  )nM \ -!)  1[Kl f\ 1kFʥj~  \  \ { |  \ A %q\ \r M H4 b    \  ţg\ .  \ _^  \ &\ \ \Z3( Č    D\ qsTB4\ @@ \ з;]3 (  H       \ : \\L\ ya\ Э   \ U\ V\ 8 ( \ \ o  \      /_v V AN`  ݎ$  (f\ \'C!    k҅\n \0\0\0IDAT X  \ \ v\ CPDtΗu\ j\\ s\ P  ~\ ڥP z_ \ \ \ ގ m\ !E [% ܾq\ [7\ U 97  \ 8CUSM\ \ bR \ \ \   b iӶ  <x  ɬ)~ \ ;]\ v\ \ \  \    pS \  \ \ ά\ ߛ\ \ \ \ ׏\      w\ yc\   \ 7 \ /Ϛ\ \'ঞ   \ k&\ jU[{     \ \  FBtd u\rJ n   4   I I4  ҷ\  W@~%@P\ Q  (   \  \      ^,  SL \ b\ E\ Q\0\0\0IDATE xr\ V7C;B   dC \    Ϫ  49  c .%A |R\   [ 	@&2`	 X \ wu\00}ض\  +w hF\ }?ndZ   \ \ \ \  \\ \ tR\\\\  m 1\ V%   γ/    Cc \ AF6 @\ LQI$g`\ \  \ \0\" \  lᔎPE\"  \ vˡSUd\ \ f\ ~ Q[[h|7?m?۶\ \ \ +\ vw \ i\ ޾u  \ °7 °X\\ )d )\0888 \ k 3ҳ\ \ T\ \ O~wz  \ \ o\ ӝ  \  \  )Ow\ \0\0\0IDAT\ ׯ]?\ \  \ fy\ /  \ \    z6 \ \ \ iӆ\ \ \  \ ɵ ]9\ \ ξ  _7\ ~  ۳   ݃{_ݫ\ \ o A]7  xw \ ޞsn:ߝ u 6 f\ hz\ fj     \"D 趧\ mI造jc QB    T%  > LV iQT \ >8\ \ ل MS\ ;\ <  : , +  U\ ]>  `l g  \ \ \  p ^ K\ >   E0\ @ -o\ \ \ \ &  ;\ \" BJ\n)\") \n\ \  ݴ  *^ = x \ ʹ  /^ f \ \ \0\0\0IDAT fR\0     \ ͫ \ \ \ % #\ w\ \ \ ŀDTcr \ :t9  \  R\  \0$㊺f\ 2b J_d M\ 9      q \ 3  \ \ \ o ^@cN  - ղ\ ߞ.C    J\  ݝI\ 8c\ \ Ii \ x  (k~  i   O\ vw ᦮  7 \ \ 7 ?{~\ \  gw   C\ y\  \ \ \ Os; \ Q 3+绹, u \  w\ }   3  1  %\ 6\  o\  \ \ \ \ \   \ \ N W  <}!\ U\ Pex\ \ \ \ \ 2\"L\ ʠ:\  \0\0\0IDATNB \\, \ \ {\ \ ېe2  쥐e \ 6 )3 d\ \n\ Ю 1 v  6\ x  \ \ \ \ C\Zj\ \ U\ r ټ} {\ \ ==}\ x \ \ j \ \ryo\ Z 81Y ˳\ ?z~p|\ \  ֗] \ \ \ !kۇ\ 1 WW kǆ_   y ~\ OLhEdL9n W \ `\ \ 0 \ 5\ vs6  ڛ>\ ճ @ @  \   h9ٙ\ \ \\^- \ \ \ n `A\ \ [ \ 6ۭ@) \ \0d 1 + jp03L  L\ h- !\ n \n   \ [[\ UX c[vA\0\0\0IDAT\ `\ \ \Z\ +2\  \ c \   \ \ \ k \ jމ  \r!\ \ ɵ! \ 8\ O_ 쫺 & Ic օV  q\\ @  ^^:c  j:1 3um&M zyzJ   \ \ J \ yK q f ŏ\  \ o~ \ \ r{y  \ \ emaٶ\ \  0 \ T n\ D\ \ 2kH\ \ 58þ \"D& Q@T\ Z (
 d\ y\ _t1 CԬC\    ) \ deRW\ \ 2  Y \ o ur  /     \ \ ٰ\\ k   cf Jc\ WW     ׿   Ӧ  \ f	 Jal \ \0\0\0IDATܴ̳i9\ ǜ ~\ \n\Zz   \ ~\ d  d R\0 
[ M\ \ \ \ \ \ xue$ d ,\ ƜRc D : \ v    \ \    j^  -W \ V CH 5
\0Pۏ D  \ \"p Y    .$\"Ud 3tC	\ e#\ `\    \ 9 \0\  Ď *4  f  E \ \ H \ z\ K\n @\"B\ \\Yu  a a Y   Ax \ 7 \ \ C\ \ ~C2 >  \ e\ ;\ \ \ x \\΋\   W \ \ \ T\  ]\ bX3\04\ \ <:H\  D\ -\ մ\0\0\0IDAT7 ߸ , ˳ \n\  \ iT!ɵs\ YcDǜ\n뮂(\ tז  E?dk|\ $ \ \ : hJ QtRN X0\ $Q      x `\ \   \ \ ޾~t ` \ \ 7߸  n    />{ xqy ̑ 2@\ - v\  b | \  \ //N \ \ *  ^ gT   8\ \ N z\ W_ w E\" f\ x ֗\ c\0\ @  NU   ]X   Z\ 1`]k\ 1 \09rNb6 { ޹\ !\ \ \ \ \ \ ~y j[EW \ l1  1g\ j\ d  \ ncF$\ ?\ \0\0\0IDAT\"\ 0F01\ $ E   \ $ѐɰqD\ <\'  \  | HD B\0 9\ qU@ H\  5_  \ JPXW:\ jquu  \ \ \ \ \ \  7޼\ , c??\ = vc\ v\   mۋ~SUջ? aF  >~ \ \   \ kxP0  DM\ Y Nʱ[ \  \ \ \ \\;| 浧C\  \ l v   0O y    M o    \ J; \  ) )I \   \09*d$ >   ̡\ \  E c 򙉝lV \ \ [   ɏ\ ;n\  | 	 嵃\ \ \  l\ \0\0\0IDAT    g =|:  g\ % I\ L-]= ~~Y_  \  \   =\ 4!$ v\ RФ2\ - \ \ U߀a\ \ \ Y# ) g\ qCH !k  h \ ar U^\\)  \"6Ƅ,PU \'ק  ? L \ \ l i  d )zn&Ue}\ \ b7C\ \ 	\ ( L  l  MY&e \05fY ]Q l-1gE0ޓ [ C \ ` \ \ ϫG } a\nD 1n
]Qr (   96   #1Q\ 餆\ Ua\  \ dS|}  2\ 7  ֦mW  o \0\0\0IDAT\ p\ έ\ \ yY\ \ \ \ _ \   \ W\    wn \ 	C \ < S U\ \nr   \  \ o~      ~r \ \ ˫EJi\ w ^ c  m\ e \ \ U eqr \ э\ ,U\ V\ .5c\    =FdT \ \ V\ z\ 6\ A\ e   ӏ /\ kĸ^ W ǳ\  \ \ ˫s? o\ ͓; \    \ \ c\ !y_ 㘃 \ ; \  \ i۞/N\ Sڻ X( q )\n&\ l6c\ Yk-3  ֹ\ 9 ͬ ` ZT  \ \ \Z l\ D\ 6!\ f `\ z \0\0\0IDATZ   Z T :SOm\ | \ 7W %Xs   \ !x\ \ \ \Z lg %ͣ\ L؃ @el9  `B[9cm\ 4\ \   (*[Gl 7U]   %    M   c;-}w \  R\  ! cJA\ oMi VA a@ÆU  E}\ :\ \0 \ ݳ\     ?y Ⱦ(<ӰiK\ ܻ  \    \ \ w^\      \ \   ,\0	Zbg\ \ Û\'O\ _  \  ?}: \ /~  \ t*#\ \ {t  \ \ \ /\ *   !\ \ lz  \ \ \ \ -\ \r  \ A\0\0\0IDATK\ X\\is!\   m} - W\"   fTN==;?={t _ [  \ \ \ 1\ = }\   œ\ \ \ \   ]; \ \ Gp\  a\\   \ 9!\ q   \ n֧_~ w\  \ srr c 2 1l0  1)\ V\ N`\ \ CV\Z!\ v\ c \0C\ D何   Ƌ լ\ z 7 0      jN\ f fg7&yqyNU= \     , \ j0 \ c c\ j\ 7  \ ]@   \0BS 0eD瘍un\ 9\ < 1 u %l /
\ lV Eo{؎  s` q\0\0\0IDAT܂q kKl\ 0 RJ 	!۔% \ J_ \  Y\ Y
lٔ TBzzz^@  \ ?~vzzzzچ\   \ ? \ \ 0   \ \ \  ?  \ _ ɟ/ \ 9\ %  4\ \ 
WT  !o M2Uq| |r  \ } \ \'\ \ y ϗ G/^ }  }\  ڗ/\ \ \ \ ֭[\ {N\ 	&e\  8) q{\ ^\ $\Z!\'PDSx  H  |      I   \ wl j\ \ ݷ \ |]\ \ ߸Y\ ]  ~ \  &目
 ݸ; \ {\ \ o    \"\ MA\\\0\0\0IDAT>ݿq|X \ \  \ Q \ \ \ \ & @\ Qb\ \n Yi˱Wݺ \ 0Y2XN iټ\\] P  5 m  A  \ !    L8 \ PT \ \ ] f\   \ uCɈ	# r \ Lg	T 1S \ ̾\ \ Xt>*\0Z\ *\0 LdmV\   1hEp     A5( a 썯  7 *  \ d   [ \"*)  \ 9 1 ! 1 C  \r #  (\n\ ! Q \   !r 	  \  !>| \ 8 \ \ \ ˫ \  So
\  \ o \  _\ I+_,7k\ ,  :\0\0\0IDATb Se    \   \ j\  \ ۿ   \ {\ \    \ } \ \ Ë\   \ 䍓  b \\l    Ov-+9 \ \ 0\ \ [k툈 9CR    \ 3kr\  0\     >   Ƙ  \ |\ \ w\  \   i~   <y  w}vq 1E\ F\ \ fh\ y\ : \ ֓ (  c\ zk\  \ O <   \ _ \ \ Z \ [ \ ּ  ;R0  \ \  _ ?y  uc bg    O7  \ \  4\ \ |v| `>_..  H Z\ 0\ F\0\0\0IDAT߉  J   mWW\ π ],\n\0 fwߕn X Ep \Z#ֲ1ޕ \ lpTbcmU  %cM,v# 1\ JR\ *\ \ \  n ع  \ ݾO% m C\Z ې \0ؙ\ \ e    j \ u \ l ( \ W\ MRBW  hM\ m   ^\" l   \0 J  9\ZT;) {  0   *  ꤪ  \ à9k?vCߦ %EU{  #W7 \\el\ k{ q\ }  \ qr ãg\ SJV   K   <:s  \  \ \   0\rƫ 9f\ \ I\ `\ \  \0\0\0IDATu3˩\ < *\ l\ \ $ 25\  \ f \ \   Y=;  \ r\  \ n \ \ \  \   y|\ ˛\ ? \ ?  ?;_ \   C2eُ\ [ ]  jæ\ u\  }\  c  \Z ϾHQ    \ Lf \n L   % r\ K\0k& rY + K\ 2\ v\ _# Q  Q   ]\ h   ٞ [ _Z   ϕf&)S փ+`s )u 4e\  \ ; \ :WXG։\"3+Z&\ Lh ) 1Uc  \ x\ D  䄐\  0Z\ \ ĺrƾ\ ˌ\ @8\0\0\0IDAT\ [fJ  \ \ a Fy1g L   \ E \ l\ZR\\w  -  DY5   q\ C=\   )A ƕ  EUn   \ Բ!\ 8)I?  \ \ \ \ rgw ?\ !\ m\')Ǿ f\ \ 
 8\ d  ӝ)\ |\ ] Ƴ \   j i  \ b xz| >8 ŬO$\n)kǁ vlH\ dRȂd   (S S   ~u \ ^\ \ g  h\ ӳˋ  \    \ ϛ\ // \  ! ] C\ -OJ   \ 5\'DtΑ )\ \"e\ q>dΏ? \ ჯ \  lI=\0\0\0IDAT  \ ~ \   _ a rN 1۲ އ͕ S\0k  `K tN8 :];  \ IY ɓz? * a#\0 4&a\ =T\ \ ̯5X\  \ Pa_ߩ > /U% \  ?x \  \ \ \  \ l -    \ ec9+` ̆\r|  w\ I& (*[ 
\0Z
\ F ,\\\  z\ p}qU\ jJ)\ 0P\nY@c ̶ \ ̼\ \ 8n N f \ \r\\ _ 7NfUc\  ( \ZcrV\ 9+\ZRf&  ƠaF `,iʪJ[G !   \ zr\ ̙D  W] \" \ (\0\0\0IDAT~ I\ u\ \  \ \ *  \ |Z\ \ Z\ |imf    e\  yH1\ \ \ \   \ mEdK  CM\ X\ \0\"l Q0C K\  %\  _~    h  heY c Z-J ;  \  ˋ\ O  F\ \  \ 0 !\nh\"    cf\ !\ 8X\ \  H\ 4O\ \ g     \   \  \0,\   p ڈ p\ \0LY o   48\Z  \ d &GU\ is Zl<  0  \ l\Z  %m*7 ̣  }\ E\ \ b  ? \     <_ w\ 	  \"\" Q\  \0  ~g\0\0\0IDATi
E\ ) Z\"2\ A yk 萄 \rg \0& kv\ \ o  V\ i[  *\\e˜B`D E\ \ Hcdh&\ ZICڭ  \ \\]] }OD   h E  r΀   	Q\ \Z \n  I\ $ \ \ E S\n\0`	h\ u\ HR7y :[\\F : L\  C\ \ \    \   \n   ; ͌J  Txkww\ k *V  \ 7ޚ\  2  5\ \"   I @ IJ) K\ ǜ2 &C گ \  \  <SU5\n\  }Ί  Q\ >=   b\" 9%e @1eI Q\ S= \0\0\0IDAT  TPBf \Z \ \ 0a \ f tt\ \ ݣO <     fgr }.\ \ n\\\ \ \ j  Y  \ 2 XϛI1Ր\ P 	Ea۱\ \  \     \ ^   \   cL\"T  \  ahw  @,\ \Zi  [  ՏK P $[\ ( a0pk{ 9  \0\  [vR \Z k\ \0 ISRn34    xx?i %  P\ NY5\ \ \ \ \ 7 O\  i; 7a L\ Y\ sC R\  W\ \0 \ \ :jR1\ 9  \ \   J(9kH` \  WwD`3*!*HN   V\ T\0\0\0IDAT  G\ q/\ \ t_\ {      \ \ o  ޝ7\ .  \ \ \ \   O >  \ ƍ  ̔ T\    Ĕؕ;\  k  \ \ \ 2(Zg,w \ E\     \0 Q\ &5!\ K1m M\ _ \ \   &fN 1 <Z^  ^\ 8\ \ &DЇm ت%@ +  BVA\ \ Y3+Ƹ  \ v!\r]  ;My֭\   o\  EQ\ \ t\ ٲk\ >   خ;   x 2  lrݻR] w  ղ    
T +\ \  ћ      \Z\ Ur { *bH \0\0\0IDAT  ۶ y Jk\ NFp\ 9D\   sk4J\ &   \0T\ \ m \"l\ Lj\rhQͪ \"#3
((( n\  q5݁ \Z l   \ jug\  g? d   ~ Փ o޺ H?{ <}~  7ٿ   D   [
+ l%% - 
c  \ \   9&\  (   լ hPTS\n@lC\ l-WM \ \ /\ ֟|  ?} Ř 
# X-\   \ g }  \ \ \ \ \ \ \ \ \ .\ ;C \nQr\ 9D!.\' \ \  h\ \ e5\ 1\ \ { H ȅ \ X`f!\ \ \ &\0\0\0IDAT-5A  > \ \'  ^F6\0\ EQy%*gS\ \ \\ Bș \ l\ HbL r  9@\ 	\r\ U\ T o c    f g\    \ \   \ \ / \ o   \  \'&ĸ\ ! \ \ 4Ƕ5 \ [QE2ʹ\ \  \ \ \n\ 8 I\ 8KV \ 7_\  \      y 3송۟6\ e\ B5 O멳   ! u>gN      I@A T \00\n X̄X:V  ʠ aC2 0ڲI\n\ l  )I  R\ ! , H\ZC? 4?    _ \ ӯ?  \ \ _ \ \   \ t\0\0\0IDAT\ ϛ 4  ?\ \ ݿu\ VSO  g\ \ \ \ \"c\ ·\r}  i 8\  \ D͚$2j(\ d\ c\ 1M\ k7o| \ G-ȝw\  \  \ j2Cx \ \ \ \'   \ \ z Ye\ c  \ u\ I\ XD4\ YB\ A ɗxT쒀$ V  nM D 68Te\"\ Ԁ:    _ >  cO . lP QD\ b  1`\ &Fq\ cV  \ ; dY  \rV\ \r    \ \ \ t: \ \ > !  ƹ   >
  o  \ M\'! \ P\0fjl&WE\   @ \0\0\0IDAT
3\ w J# 5 啠 C0D)C  ɋ sf\n H UQ  5 M\ .\ \ b\n j\\ D7\ bn\ \ \  &Av   Bj$J\   	  U  \ \ pN  z\ 餮؇ \ ]  \ \ \ w\ Ae
Ɩ  9ԥOQ xx   ˿@\ ?x  w\ V+\ 8> \   ^]] <{ \ ٳ{]^      DDAcD CN1
 7 Y *\Z !DA -  \r\" ¸ ؊\ v\ G   \ >|ཿ}\ N\ _| 	 Z-ϯ.t2 N  s\ZR 9{\ \0\ _g\0\0\0IDAT  R\ Ǳ\ZC\Z\ X\ \ c\ NC  \"{K\ \ Q\  YE  \ \0   \ &\    \ \ ŋҹ\ `\ |׶[ iQ Fܦ\   B\ \0!\ P    Cܷ C\ Z2   #    \ t\"  g;SY  fSԳ  m.*L) ! q\ T\0\0 Anv  /bN h *\nz[ \ /  \    KMq o\ \ ~\ \ sp\ Ǻ[ \ \ \ 붋} \ (}  :   \ l\ ɳ   \  >T D Ƙ L\ 	  u8 K Y\   ?\ \   O~ <[~ ŧ)   \ T\0\0\0IDAT  \   ? \   \ OCg ݐdq\ E\ _ uT  6 ƀ*\ 7  \   W_| \ \ lv  ӽ  ׿ Z1/  zݔUU\ \   2 \ jU{? \ S\ ÷7   9   \ [  9  [ \ qA ) C\ % +<!ıGD\ ,ۺ  \ \ \ ,c  v \ zW  \ 2\  \0SU7 ]2vǚ  m\rQQ\ Ϟ   \ (  \ 7O. c    \0Ċ 1\n  պ\ \ 
PBU \ Z#v     _ Wc  L\ җ\ \ j[ 
q$\"`  Y$E   \ $ǰ\ l1+ \0\0\0IDAT\ M ڝ[{ i \    ٬ \ \'\ \ B \  EYV{   ]ש@T\ tk ڷ! _] +\ 1\ u\ 4\ W    ?>o\ g , z s`@         ־(5  \ 4e3 6\ XQ\  Q  S //^X\ 䱪j  >#p ڌ\  	\   LlbN rx|@ \ f\ Pyʄ   \ \ l~y\    ,<\ \ \ kד 0\\Te1\ d \ MP!. \ Fб D \ u \Zǻo \ /8j Z_>~\ օTK\ \   +} ̠(TTQDRUح\ \0\0\0IDATJD  $ mv\  UT!EE$\ )[ 	 &  g\ \ \ \" E  ޫY \ :\ a     88\ $A0S $6  \ j \ U]}\ 
 \ n\  \  \ U  \ Uv\ r  eu \ V H	\")$\0888q    \ Lc bC j   \ \Z }  \ Z w \ \ /ݹ;Lcߏ d뼫   \ \Z s) ĈIi %\n    1 /dsJ sdk  ///Q`p\ w   l [ \ \ \  ɻ/ |\ X 1qm \ \ ┣\ RRJ1* \Z-9 󊺜\ o\ <>88 UA8Q	\0\0\0IDATq\ 톝!  \ \ SN\  . U;o\  5S*     \ \  B  z  :l  v  C\ .p \ \ _ \ g .\ \ \  n\  n  u K) T B&\ \Z׸( \\py,1nG\' 31ǼZŽnn>   ] \ \ \ V3 ; \ , s9g \ xo\  :\\.  \ ^w\   \ | ѓi\ 6n
R{ۚZ 0c\ 6\ !{Od  ɠ)  \ 3 Rk \    .\ \ \ \ \ f  \ o  =z[\ \ \ \  \ \   \ \ O\ $Iʄ r  \ !BFCL\ \n\ \'\ g\0\0\0IDAT)b \ i)	 Q dɱMp\ g\0LP@  ZkKN\ 4\ \ Ŝ \ ЌU JJz- #@ٍC\r$c\n	 H?\ \ 澙 C\ $   9, a =[6޻eצ  %t   \ \ \ O\  \ , \ \ M	 V \ r\r!cP\"DB@ \ V \ \  +\ \ /\ v mm S` !$\ !%+L  )\ \ T) 盳\ \ . R rٿ Z5kc\ 4{m\ X \03\0 \ ɱ5Xy \\\ ż3   4\ \ F   \ \ o=\   ɽ[\ O \ s \  ~7o \  4LT\ \Z ,E\0\0\0IDAT\  \ 6\   \ u   <k/V    ={%k N;Cj s	  m   \ \n\ + _ \ W\   4 =?M!\ 6D2l n  n n ތ* \n\ iz6$ j\  ɭ \ aZ?5֌ 8 f <     \  n\ >i\ \   |\ \  Y g m\ \\ \   a \ \Z  P a\ ky\0   P* 93#* E T *9 Iq*Y\ Z\ du \ Ǟ \ q > 5 Ţ Ȧ  2} h	 f .\ ܇  Px\ \ v \  MB \ זs :f  =ե)\  ^gM X  \0\0\0IDATF ,\ \  \      }\n!M     Gig \  \0 \"(D9+ 5f\ ԕ \ 4m\ \ ~   ,\ry  7k\ r e\Zc?\ q a \ 0 \  >\ \ \ \ ꕷ\ ڻq\ Q\'۶CR \ &g<  $9OM\ \  \ :   \ Cn H \ \ K \ _ \ g 뇧2! 9 !BҖ\ [    \ | \ j\ ?  qE  ɫ2Yc %o   s\ \  \ 9 ] \ 5 ɱa  U\ f\ \0Ƭv}b*\nH\0   k (  \\\ w\ x\ ÿ;c\ ٢ `2. T\0\0\0IDAT*W\0 \       \  \ o  o q   \ \ * i} ڬw  \ uU  ڔ(!\ 5\ \ Z͋$  k \'#\n  \0 2  \"	 -E	m2 : * \  ^ A   h   .\ v  5\ 4 !&\ b %W$\ 8\ ) TJ=   δ Y ,    H73  ?N   9h\ Ag)m UP \ \   \ u  c !    \ i\nI \ \0) \ \ %ծ\ \ ^\ ;в\ \r9
 b\ a7\ iHcN\ uf\ 5l\ 0  հ\ ]     nv wXb\ \0\ wG7  Ɖ@̇.\0\0\0IDAT\0\n@1\0  ۹ pqѧ Ar eT  |  \ 0)吇     \  \ \ o ̧ !$!\ \" hj WU1F*w |\ \ Vɘ RAUªv  fǋ/  \    k O  φ \ O } `  b q7V a\ A
Z\n|    ư\'S\ \ ZcJ\ \ \ >z\ \  \ wJ  \ \ .\  !r\ R] \r?  V\ ;go\ <> \ U\ \' /\  \ cds \ \ :Sy$(E   X?  RJ\ \   \0 A  k 
\0@\ RbVA   \Z  \ \ * 9G s\0\0\0IDAT h뺭+\ }\ ϟ]^  W\ `TO .q\ q ]  w\ ۪\ \"dU\r \'D\ ~\ Ыܼ  0\\M ~u    PW\ կش   8\ \ \ \ i 1\ \ X1g)%*#\ j? ϙ1\ \ I \ l\ W  \n O1 \ F\ -\\w KʡV 3\ ꚦi  6 ) {ٸ\ Mw\ 
 C\  y \0 \  @Xb RR} h fuzv Y \ k  cp qa 4%EF \ XG\ W9y6)d    d    [aeH s r|\   w   G\ q\ \' \0\0\0IDAT}6o eǪ a xzz \  M\ 2Eū\ n R\ M\ }\ 6X   \ q ^\ -n\ < \ Q*jM 5  \Ze\          \     \  xvq~9\ rng IWW    ̈\nt\ x     q̈	#)h.E4k\ \ z ]_  !   DC  \ ! <-\ S9k \ \ t9   \ zS\   EW\ c  5M,[ dc n  9 @$  U\  ٓO/?y卛g   \  ?ݜ~֯W \'w \  ƛ/_] c\ M\ Qb[\ \ \ Q Ĭ\0\0\0IDATt  T *\ 泺i\Z\ e \ \ 4\ qŔ   B\ k+ A  1 r\nc \ \ K }rs ?
! a \  T`o  fig˱@6 kW3 \0f5L !PrDSJ    僃  V ݎ|TE0V]\ t3T \  H\ ;Bpmׁ  \ <51$2A \ )	kDm+w\ - -   \ \ IsΞL    u\ C5A3I  \ ! u { mߛ\"  iaLBr |\ H m\ leA;?  \ ًU \ ,}mJ\n\ n׏  \0  g\ W\ N/[ \0\0l       \ u  *\0\0\0IDATؓR\ b\ \ 5lW@P\"H ę   k H   ~\\ V =} \  \ r    )    j\ tX$\ ,) P*\  \ \  \ zvz5N\ \ 載1 h\ mB  J\ 4  \ Y  \"V   \ Ù\ ^<}   \ O   \  \ ţ  ?    \  \ 0\ \ ߺ{\ 䆣 g\ 8o \ \ 9    DsSUU\ \Z\ n\ 5 0ED j\ \ .+  Y\ l   z1 #B\ Y 8 q׶u]yͥ߬S lm \\. ;\\, _   Ї 7\ Cr  80 WW - ʮ\ ೟\0\0\0IDATG   `z ] Ʊ A`$   \ -g vw \ 7  m w\ ~\ \ ~  Låh \  ;\ zF f%WE  lB \ \ o|    \   \ Us \\= \ ql8/|\ \ \ ./  \ Y lܱs \ G}0K\ ~ ˯ _^  \ l\0 \ \ Y\n   8\'\ 4V \r  n\ \ \ {  ڭ\ \ \ Hνw \ U  %u @2  t[\ g\ \ \ r   7\ \ ZkkR ΐ H\ `r \\J 2)   b\  1\ v>{ 
o9W\ um   \ R R  3BM  i  t o \0\0\0IDAT \  | ^ܹ54 \ l\ ݻs\   <g\ <\ \ /E  H a\   Η\ \ m =   \ \ _ \     \ 8 ϶ \ 7Go\ \ ֯  >y \  j\ q\ zg\ 2۶ \ y  \"   V(\ \ j &2&)  q@\ \05\ 4M \ rq \ jDLB\ $\ \ _\rWd\  \  t{\ \\S\ \ 8  \ ޜ ټi    c \ dr\ y\00 1nC!\ iU DTX\"d)	r!努  UC\  n  \ M\   o  j1
- Z   \  )  \ Kv \  eh}\ 蠦  1\ iT\0\0\0IDAT:L2 V\ :\ l\ \  \  EǕ \ \   | t7 txR=X B YCɹm[\     Gj|\ 5 \ \ \ \ ٓ\  \ UJ !Ĕ \ Z*Q 8T\ 5H\ \ \ b 9 Z  4\\ < (EJ \\\ \Zd DDZ  f,)\ u \0g \  \ a\ \ ڶe\ r\ Lo.y\ .M q\Z°\ &\ \ q2:  ʟ\ fn6 \ \ fm)\ l  vyF \ \ C 5 , Z  )\ <٭\ \      z \' g\ G _ 9燧W>} \ j3?8\    q΁{\ km]a\0\0\0IDAT \ 8\ :f\\m\     j\Z_W\'I mEb\"c    \ \ JV[\ u]#R \ j׶mȑJ)1 L K2 R    \ qh<2  \ \ ?=?\ u\ \  \0 \ ,%\ <\  MPJJ^4    4  \rۋ\ \ \ ! \ C 6\ * \ ,\   ֋_>:7  \\\"\ \ \   \ \    \    \ \ nj\\5-%Z\ 󶛵ж \ \  =~ ɣk\ =    \ Ϊ\  2 H\ Jd   \ Tݍ  ƫG痏 \ T3碀DĠ׽K@5 \ |V  \0@t       \0\0\0IDATE Jm\0U\ 1 \0  B \\|   %bc   uWw       TJR  \\  \\  0aH1D) #\ h \Z_y\ \ )PT\ \ aZ\rSu\ d \\ 1e0@\ * \ d)\ \ n\ =  nS  6\ \ \  ´\ n \ \ \ x  ]Uw ]  \n)\ $Z3Lca;l  \Z  ) RJ\ t   \  \\4 4   1\ \ A \ c   \   \ \ wu s$ \ \ X6&\ 8\r#͈\ ԌE\ :v \ p\ }\ U\  g\ \Z 
hJ	Hu\ nu \  \ 7\  !  \0\0\0IDAT\ -\ 4 < \ \ Ǜ o  r\ cݘw    ?[=ڎ Q ) f ҴK/j\ Ac\ @UF   gu&  =\ ?j[T\ X N\ %  _\r P \ o\ 8\ x \ \ k   ?|p > z\ <\  m\ \ \ oR\ \ ͳ\ \ \r\"0[  T   0\"C=o    j+?\r!\ f j   Sm\ 8[ +$-  \r0  RJ   g  \ Z SH)\ ,!ĐbIyZoK 1ƀ   m  I X˵O*\ a #\ \ m  bի;> \ ,C X \0 e \" 7T 8\0\0\0IDAT\ 嬻y |r   \ >> qr \ \ \ mȸ0 $h  \ \ X     )\ 9 uggg\ 4-  {\ . ܏C \ \ ĴG\ \ /D\ ?v9  v  ~  \ \ \ . \ fc    1䜹    i\ w<  s*Jh \0L   M\ \ \ 㐻 ± \ &M@B\ \ n\ \ y xC\ T  m\ o  \ \r ~ \ < //\ ^̌ 4 \ ۺ %  *\ iQ w\ |uؘ_ n֛\ \ \'/\ \ >²  5s | ׀\ \  S    <e\ ]6\  \ 7v\ ..Sҵ5\0\0\0IDAT _    \ R\0!
a2(&ˇw\ \ }I\ w t;\ $,PJ   J	%+¬ N w~ t \ \ \ y\ 5H*	J\ q     \  D3g\0 DU\ s \0\ 8 \ZKh r\ \0@  3h\  V\ \ \ \'  @*  l\ %\ ( C  e5\  \  |,\ 퓓 _  \ uf%+D)&  \ \0 v\  \ ׫ \           \ \ ƭ r4  A4\ \ YV s -\ ͬˈ D ng     \"   RB Y\ ˈ9Fk\ \ \ \ \ \ h 1\ w.\ \0\0\0IDATv;U \ z \ /      V(1 ,  Y?\  @.%i  6
Yr\ \" G ~\ %  \ \ \nX&\ \ \   \ Mj(  \ z\  \ +͟  g j3\\nM\ ;  b l \' h xC7  at\ 1 痻\ 9  j D   Qp~  \  Ɍd=  g\ \ \ jwso \ \ \ Z\ \  ٮ %  n\'Ԩ *	\'j    ^ \ W>   \ @\ I\n \ ,;S\   \ 4M > \ <\ so  a ^[窪چ> +     d8\ \"Z񆁅\  # \\˘YD4g Q\ :$@ l2\0\0\0IDATu\ R X@5P@D@ j, %\ 4Ĵ \ vL) Q/ \ Er\ -\ :;   ALV(\n \ \ u\  \ \ G>x __ԍ \ gg/v\ 7  \" 7  \ \Z \ Z\ !LCLy \\t] 5Mㄆ  ȔbF\ i\ vFd c(\ \0 {O Ƙ\  \ \ ݻ\    9OcL)\ fmUU   ag  \ Z `>\ A\ b  3h,ٲ\ \ :  *g\ |Ha  Z4 \ 7f ~ \ 
  E\   \ \ \ zS  :̦2    \ ]l)\rP׍R񬭷`y\ \ \0\0\0IDATYJLîfv E!:\ $.  g5\ i \ Tw  wo,`ء\   \ [  \    \ \ pʀ%  \ , )\nG h}݆\ 8{p \   d 8CP\ K&   +bdK\ 4 |\ |m\ \'  =\ nVh    \0J)) `M   V ˤ Ce\ {oc ?/\ vu\r J| 
i  \ \Z6VȂ \ X\"J    \    17E B !  > T\ xi\ \ +Z\ \ C\ \ \ $ `U\ jX. =9{ h\ \ \ \ W  <t\     \ o<v \   \ \ \   n0C@D(= l\ \0\0\0IDAT9\ K \ b    \n\Z\ QՐ  \ 1\  zݏA   \Z\ \ a\ 	0 \ [. UUm \ \ vk,	  I  \ Rf I]J\ \  ]\   \ ? P \ \ 剬Pr\  >  v\ 0 , p  \ \ _ ֭ \ 	 \ \ W \ \ %7 EA       \ &$\ a\ ɱo,-  \ ڸQ(\ Vm\ n\n\   4  7 o5 O \ )FF T0 \ \ \ \ \ ~HW\ ^  y\ \ \ \  \ {\ ޼}\ g|  搓ﺒ\ f\  z\ \ \ 4 \'O,ID\nIaf\ \ {  \ \0\0\0IDAT[U5 JS57  7\ \ \ \'OC\ USWΣ\ $01%\ rU\'W*	\Z=ת^ C ,    ;WW b   ;\  %\  h \ ¤9MR   k <\0\ R G \ κ\ /u\'     \n\n!\ B\0\ %NϞ]]  v p\ /\ x ͯ~\  \   ɓ   \ 󳫗_ziDQ\n   q\n\n\ z\   0MƘv\ \"\ v\ U jꘓ \ |] \0\\\"U1  \ 횦 \ z  I     Ι0   J֨  \ P@>\'    b  \ n u T \ \0\0\0IDAT\ 0 R  4  \  \ GG s R \ -\ \' g5  쬪\ !. O Ջ Dk }z )L\ |P 2Λ w~\ K_ ;\ \  \  r (=x ) gc\ \ f|\  \ n}quU5]* \  | pw   n  l^_M) \ h   Z Xj\   \ .Wk JA mSk  7  vC \ j a ٶm]UޱM!  \ voyp綾 iz  t}uU\  \  ISyf q\ \ bӕ   2I̦ %D.\ R \ 5yW!UTAb\ \ 1 VD D  \ \ Tr I%g?s  \0\0\0IDATǤ\ y,1\0 4  Ko }\ \ B \\ 2\ 0 a4 F \ \  \ \ ?z \   ӧy< o       {\  \ Ѳ\ m   \ X 
    <hB\ +\"ʹ0s]7\"\ \Z\n\ \ )% \  H\ {_҄DΙ  \  x < T\ u rr \ {yu1\ \ Z ) \ p@ S*Y\rWDXg \ 8U\ [tF Ę d)  \ [ %Ő\"\ 8;\ \ h j\ \ T ln TW   a\Z\\} \ \  \" \ \ by\      \ Շ   \ W\ I\ \0b\ cq}\  \0\0\0IDATE\ \ }\ m !\\l7}r!&6  t \ (5۬ \ \ ͶO    \\\  ޭ;w r x \ ۶- 8e\ 38 X g2 Rb\ S\ 9    q7\ \ \ 2 <  z߶w\ \ ݅     \ > \  \ \   a t2 !L! \r \  \ TR@mT \ F  #k  7\ J%k kJ \ CN1N \"if\ 0Laʪ3\\   \ 0    w\ \ I\  \ IP   $   r>\ ~  \ \   \ \ G\Z c\ \ j\ ]^ xr \ \   9   ?     Ϟ]&\ `  dD \ w\0\0\0IDAT   sb    PT\ \0  \00 c`C  sc  ۶V\    \ \    > \ \ \ \ j  ` \0*c αYk  Z qMr4  \"  K4h뼷\ T6+I ̤\" \ \Z!N \ 1   cvv\0\r\  \ O \ U^.\ | \ \  |}{>  a  .6Ә	  X %2  1\rc ~b g Q  ֭ y \ f @  WC    \ ׍1   T  i\ Z, d\0v =\0g4\ l y R \  \ UJ 9  \  nߚ\  Y7\ \"H  G\ 7N\ \  \ H\0\0\0IDAT\ G   8_ݺ ҭ[ nn \ SJ9\\\r  ql  m\ m R#   mQR0(ʄ  Č    )\ !_+\ e\ \ Xp\ p   \\n \ f7\   \ dv m5\ 2 \n  )g\ \  \ \ O./W  	r\ lJ\   r \\޽  .(\ 3 \  g\  j@ @E  \0`\ S\  ?;K)m\ ƒSJ \ 3  \ bo6k Y  1\ ))%b  \   L \ nC \ Z\ v i y rMϳ\ &%@E-*\n\0\ \  >\ bB   \  \ u  =v]ӑu\0D\  QJ \0\0\0IDATK(ֹ q \ L\  d-  ) l\ xg\ yw\\\ c\ 1\ J\   ]\ 2\ ˄ \ (   5g  ǌ`bHS   z \ z1C  U}\ ) ,	 g5  C\ \ 	2 ) $GL  ]m \ \ 8\ b\ x+9\"\ w   o| [ _ \Z\ \ \ j8?}   q  \  ] ѧ../     r  <\  + I >lS c\ Ʃ\ }   \ \ fӼ m 꺮 \   8Is!h   DCHc   < \ \\	\ n޽ \ W \ ; & ) J$ K u?\Z\0\0\0IDAT  ÒA  }SUU\ \0 P\ z/V\ O  />     \ -O/V\ W Y  d%* `  ^ \"3   % P Qћ     \  ^Ӵ\ $\"\ 4\ 8\ v\ 0   \ \  v\ #p\ \ U\ ð\ \       k  H\ \"I \  o  r\ \rq  1\Zˮ   \ !6\\\ \ WD   e \ )\ l eS P\ \   \ \ ,g  7vʹ_\ * S.    y\ =򵁝\   Y?\ P \' R2 , \  \ _ْ+_0d) f5%\  \Z@ ] \0\0\0IDAT
T \0  jk  }8<  	\ \0 1\ E\ | ;\   ?  \   \ 4 7]m   \ \ \ \ ٧  >Tu;Nq\   \ f \ \  g  e 9 ] \ q  u\ z\ \ z۶\ m  i \ nِ\Z  )O\ $1@\ f   .  \n  yo\  /  ^\ E5 Ja%\ Ū\ , %\ l\  \ \ {\ \ \ pY E7;*\ z   \ \ Y?\ \" f\ Ǥ  k \ $C )V  \03#\ 5\ w   \'\'\'    m  1\ q\ !  i \0`  R \   \0\0\0IDAT5\ W     ~ Zo 1\0 \0\ \ / k P)     \0    Xy \r\ \ ŊGˉ e\ 0w` h qCL   	 wC \"  A:\ j*tp d} tz \\ \  \ t\ \ w\ \  \ \ _\ h= \ \ v b\ HX9 E D\0ʠ @ \ Z4\ & \   h ;  \ j`A\ )%\ i\ 7J[ \  *c q~r\ / u  \ 깗.\ \ _~\    շ  -  \ x? \ ;\   \  =( \    |\    ?   \ > \ 6 \ 2\ x5 O^< u| \ c9\0\0\0IDAT\ :  ϻ 5DEJI (\ 88C\ V޹\  \ W\ {glg\r  \ZR)jJ( \0 1_ ytm  \ \ \ \ ^  Y  b 0!\ZV\ R, !\ 8g*  \  \ \ | \ O ӪZ     E뉵   U2\ n]]@	\ hQ5\ L\ \ \ \  I\ \ Wn߻u    1 l \ v 
! \ =\ b  /:cI\ .  \ m\ \ D4 8S)\ ][ L  \ n    \n0#\ \ =#9\ZPk 7\  -  @ , R     X\ \\FT\0\ \ ܙ\ \ 1Y \ O~  F\ !\0\0\0IDATc\ _} \ [  \ \ O ~        \ \ ֜ۥ	S)uʒ҄Z @ 3Yu>Ze V 0 \ ! ^  \ \ gAzm\' * v  @   rΤ E!+\ Ps\ i  r \ 7 yz\ } \ \ \  \ /   \ ? \ w m v\ \ n [0 \ \ p:;>z{o  \ } \  7    ? \  \ \ Ǜ~ !liǱv~\ \    YS;o+\ Ɉ  \n (a= kc 1 ؀  G (    JQ4 \   o\ [   \ ˡ\ \ % - C[ !6 \\(   GŹ=\0\0\0\0IDAT   \ \  \ b \" hn[6 \"  A5\Zoy oB\ 0  d \ V\   r  ̔K\ U\ n    3 w@xqq\ o6)%UU RRA$ \ l6 \ \  })%\ P \029[\'H\"Yr \ 5M A\ l  	\0 a 8 $ %\ 4%Ԟ$ \Zc c hL   \  0	6 \ \ \ 5\ \ \ \ ·      \ ]\  \ ÿ r\ j     \ :Ϋ\ @ q*E  sL  \ \n  bS\ 6.  Ȧ `  5 M[\ h6i\ Ĳ\" a\0Rm \ %\0\0\0IDAT\ 	ʐ\ d `9o ڂ G  \ \ {      8޽yc f6g\0 r1 \      \ \  \  \ \ _ \ ~ \ ?    _  NOOUab?LW\ \ \ v  u][ M]Y ? 	RfV@Q\ 9\ \\> ;\ ? 8 \rن\\ u 8 yt    _  ۽m6 wQ<   21 1  F 2  \ \ o v\   OR >y~\ 5-K $- o\ZF\ n  hɂ%  \\ygTr\ ((  LRrF m}x \ 5u\ 2m \ f@0  \ I n \ MȌ\ hHe\ )\ \ xF \ \0\0\0IDAT   h̅2B  ! \ y! \ \ k01# hQ\0    o !l\ i\ :\ \ 4Q\0& )K\ :\ 2 <\ cم \  4\Z \ e  >  ?}   `ϟ-Ӱ\ T  \ ͠\ r \Z/\ \ = y\ \ 9   rV\ \ rM@l՛\ mA  c\ \ ~\ 
\ @E<%\ s,)h܁  \  I 1!@crfst| \ \ /~ \ \  \ \ o ޴  N # \n	^s   )  4 /_  \ k      6  B\ Y\  \ \ z5 ^ \ SNY$    -t\0\0\0IDATE\ \Z[{   >;g*k\ E޿   \   ~  \ \ \ K m \ E\ U )   \ ҨY,K  HV5 I
Ʃ2` ܺy\ \ g\ ݎ Lêu\n\  x\ )\ 0l8    վ__A)mS * \ 13Y\0J \ 36vw\ \ \ ͓ C i  J\ \ n VaU\ )  ̦b_[\ ֳyRc\ $0 4   ]qU{\ ލ  2@-\ X  \ ~   y\ _   & 0\ 4	 $dk    ,\ \ ԫX P@b 45 gң \ } O xx 褫 $\ P7\ \ ; i\\V \0\0\0IDAT6(   %\ r u >\   \ !ʵȇ0[   Fj  y$ D9_; @ \0(	53&b%Q\"0 \ ̆Q \ TJJ/ݹ ?  | \ ^ך  5\ {g 7l \r ^ bU@@  H \ \ V  \ w\ ޻}\ \ d \ ST-  *)\ \\rI \ ϝ eJqbp  (  2U m\ \  \   wv\ | |\ f\ ! H JEƜ@@B#  DS \ *[4  fUk uܯ\ b챌 o㝷~ {\   o } \   [\  \ e)  kU \ wf:S \0\0\0IDAT aJU\ \ .Q 0  v\ m b&\ HhJ  6  !\ (\ 2\   f7\ T\ S N \"Nȯ~ \ /}񫣘I`\nRD\ 2 ˯ h. b\ 9˵F\  \ sUo      `_\ 14\ \ -  O z&  fXU\ A%)  k ܃_}   s  )\"\ q\ ۺF%&      q    \ kǘ(d$S@\ zr#J\0\0$Zb Jb   g\"r k \"e\  ϓ*V\ u]Ѥ%k\ E \ \ \ M
\0 kj j\ t   \ \ b ګ  ] \0\0\0IDAT n\ :   \ o~ \ G  q(   \ 1 fp \ ι \ fU\ \ kB\ H\ \ b \ \  Ah; \ % 5\ L 2(X2d\ *D U\ \ F\ p) 4VV \ ^i  \   \  \   /\   \      \ \ Eeh  :   \  >{ 7\ x\ \  z 駟>{ ̸&      \"Sخwi \ u     AU\ JT&T&y  ~ i\ 9+B?L\" EU  	1  \ b 4Ε Z4$ @1l\0 KX  \ (  JNiT%   j \ Zd. \" Y\  \0\0\0IDATI\ ]\ t\ ;< \ Zh| C  <n5\ 6 n\ d-)g$;w\ \   \  +   \  \ ^Ι XE \ \r^#   KN Q (\ 5\0  \ 
|nO@%     P	  \  fKMU
 Si\ (j[! *( \0\0   j!\"\ jp b\na \ \ -f \ ׎O _y\   ;w~ \ | \ \ g\ s P  ˢ sQQ   GccΘk Ȉٙ\ e\Z\ \ |u-  9g!     CȉTUTE\ \ N J\ \ \ !  է = |  \ \ ƞ      \  `\  \0\0\0IDAT\ ݼ i
a8 }  76\  bs \ +   ݯ\ \  \ ݿ _     ݁   R \nJ ø  ;\'7KWW  j\  yW\n   6\ X3  \ c}\  S   ^ \ \   @  @ \  \ \ f7b 3$* P>w \ZRFfK s \ R  \ E \ N$`ʩR2    < I_ [  \ b^  6 lL\ mIy\ \     }|\ \ \ o    if  \ VЩ8 F   p\ f1\ P$ 4\ \  h f  \"~\ \ f%! \ yg, #l-  !4\ |=Yyn\ \0\0\0IDAT\ k\ K    u  \n\"\n ׎ @l s XgK i\Z  ]\ 6]\ t\ r\ ֭[\ 7    >z Y ] ) cc 1ŢCFg\  @2\0;0 \"a hn 6  A B \0r)\0BL\" U  BY   r \Zg\r \ \ << \       \ \  ޷ \ 5\ 
\0e f\  \      ~ \ \ ?7 \ ?   w  \  꽏  i \0\  ũ sx  W\ ܮ\ ӣ \ &    IP r \' $  \ }\ 1 \ \ J\\  S.\" L   WF\0\0\0IDAT\  P \ D  \ E R\ \ \   MQ b\Z\ 1\ x=m#  \n Dd ]̜#h =\ ۿ< \ \ _ >7ihY Ek J)   ) \\B8=m  O \  /Խ  SHƣ -`   aV\ Dd  c#  r   ҵ8   zK\ 	{\0kme#a\ \ 0 #\   0 Yba \0B4D\n \ R\n \ 8  ` e$%)%3 v \ o    w\    w\  \   >z    }e  HJ\   d\Z\ \ NJ\   _ \ 9 %  bɒ \ \ [\0\0\0IDAT A   (bA\ (   \  a\ Kψ (\ \ g py\  ڝ \ 㰮    7\   g\ 7 \ / \ \ \    7  % \  \   jg s\ \ f 4GIddS4<\ pb  @\ C \0 $H Ć Ab I \ FˉlM D\n (6\ \ dO o\   s 9{\ \Z~\ Z+u	\  <Ԯ󫪵 뻾  \ o Ϳ \      \ G (J\ Zo6\ ̵\ : v\ \ 
 f \  !4\   Q$ 5\ T  1   g 3 SA\ jP\ sN)P <\ , 	W\ \0\0\0IDAT \ 2 \ \ y\"? 	 sh \ ZS\ \ *:e\ C\nM\ ֝  `j\\    ۿ     8=^  G]\ 5-̵nN}\   ]\ \'  \ 0 \  \ /]   \ \ j (\    5  0 Z9dWU\  D  ;D\ H 8{fO\ H\ 0   /\  \    a{ \ \0y  . ,\r\ a\ \ ߾v ҋ \  \      4 sE J *\  |O  l 
  U\ \0     \ 
   \ No     \     \ ] ? < \ E j$D\ \0  d-\ \ZX  5 B\0\0\0IDAT Mrc}\ +N\ F\ \r\   I5 \ N D V >
 Z# \ `%ඟN \ Z4l9C \0 m\"H !`V  m۶Es   [˶\ L   %eb X E O?\ ^^%1䈠H    \  s՞ \0 \0@j cN\ 8  EĈT5 ,    LVB@r  \0\ b   d   YJ \  *\n\0df    i  qHW\ ևP\ Gw B  o} \ o  / u   p}\0\0 J\ \ >|x   w~ އݫ\ \   \ /~ K7  -ȩ -\0x\"W.=\ K\0\0\0IDAT\ L% 1`P򌎨 
 2 wE = \ \ E\ \ a= w  \ |s~ \ \ \ 8      LR4   } \ O@ N \ \ \ ୷>  o \ W  [ n  s!8 qm  8 Y    \ z ~\ W \   m\  \  \ ?z\ \ \ CI    p\ u3; 7  \\ \ 6\ t P {\ d fj j\n   aS3\ ||v YP[   = \ < HS\ n.]\ e\ ^   5 *  \ 㳳 o  \ne Mø   ݍ~LI*  sS  g ْ \0\0\0IDATgg  ,c\ b  gP c>\\t\  LL\ \ G +\ aۧ  iL)   aj fVUev\ U \0\ R*! 0)`Ji   R   ` \ \ \0   -y   ǡ   
\  \  \  \  \ G&Q \  \   \ )}r\ \ T r\  \ \ >  ç  \ 雯ܹq\ \ \ H. \n(0_ d  ^rF\  ;j\ g Z
.\ 6  R<  :?;| \  4\ )\ | hFFU \r}\ {+N \ Z  e<    \ \  \ ^} \ /|  _ _ \ ۯ  \ ϓV\0\0\0IDAT)	  s( \"%  \ d  \0Yӵ/  \   V˃  _X  \ =| p\ZF  hc\  \ \ UU\ Sj   \ }     VUP5c L  ˔S Dq~\ AKr2ns  \ {  p Ϯ/\   /\ }篼  o  \ 3s 6J-U \ \  ş X7 \ \ \ \ \'Oο  ? vx  ARJ\ \r\0\\ ;@Ǽv.O<  EA\ !\ ]?8 \ \ 9f\   Sߗ w   RM sd \ WĔF\0- B  [̼j@T R\ 0M 8lw ~JU ]V  { \0\0\0IDAT\ \0`V \ ͈| l   \  \ A \ ۷\ \ 3i# Ql`KIF\ #µ   k77^  ) \ ޣ| )޾ ̤ Ӝ3\'\ :\ 41\  (: ԜKI\nF\ 7\ S\ 8:T :  \ \ \ \ \ ӇN f  #  _ -\ \0   b3rԙk<:  \ \r\ {ܽ{\  \ { \ \ z\   w } \  o} 7 K\ \n\ BE  8YB\n!`\   |\ u1\ \ \ \ ?  \ {  ?= \  G E*\ \ ՅI\r  I\r\ (o5Q\0t ^  Z\ D   H\ .\ \0\0\0IDAT H&ُϲ  ӻ R\ .\ X\ \  ӫ͓[   \ \ \ K_ w8 v\ w?{  \  \     ~ 8  O  W ~2\ *T\0D*  \ ̙͌:1RC2K 2  I-  )  \ Z  TE@& \ D eF\0 \ \Z   VC1\0\ o \ aD \ ~?l.    ~ J 9DT5A3 E \   #/ ^ vpÙ\ n 7~ r\ u \' \n  Zr \ ~ 3A  `\ \ \ ۷  O ֧\'>Ē**[ i D       (VSI)gu b]ew \ \ be  .\0\0\0IDAT \ W y   { \ 	= Gd$\n\ lF  \"hf`h\0I
9b\ 6  \ ǋ\ \   G    ? \ \  \  \ \  䔈Ӕ <\ g ,\0#3 s iۦm  \  \ a Xq   9\ \\*1 \ :Q ˓ W  U?Q3\ R\ H *f䔹 dy..\ RS     \ T \ ns \ ӻWggO<F ԏL \ \ ݽ `s \ <          \  ?L   \ iH\   ?\ \   %\'  \n    eĊX\ \ ^3QSSe\0B* E 䜦q Ɯ Rr *5 \0\0\0IDATT\r   \ = #r\ /O^{\ \ BAg L؂\ \  \ 3\ R\ 0  \ \ v?   \ \ 0f U Ԙ\ \"X\rLM  \ j\ ^ \ ͓\ ;w L\ @e\Z  }ߋ sM \   \\<{ \" \ Ã \r e   6VrKU0K5 % L   +\"lBD \ 2=;?{x   }  h J H D &j  \ 4Me+M\ dE\ U g Z*  j-  I>  \    { ?      \ d \ \  \ \ ČU \ xFCĮ\ _ >5\  b |  \  \  d\    \ \ \0\0\0IDAT \ T%  j#Le    \0U  bh 8X)U    Z)%\rS \rM0 <ONϞ <  \    i \ w~v\ \ ӍC1 q\ .. S s \ \ \  \ O\ ?:>:  &A  \'U y\  $K jR\ W\ l \ Z 
 0# L\  \ !*(3\ ,8 YUB\ \"  j@\ k  t )M% \ r \"ZJ\ 9  Q d\ uL\ \  T   O \ <  9:ۜגR\ ~\ ? \ C   \ \ \ خ \ \ \ \ \ ۧp <- Ӯ\ w\'p   /\ T g 9 \0\0\0IDAT\"  @`r. C l\ \ ٻU\ >(e\ ^ \ v V  \ T\n3\ ,穊   \n :@$ \ ق  i *   LffeJ\0\ #Ӓ  \ S \ \ ? \ O\  \ \ ^z\ NX R\ aN CD   T5 v6\  \ q| ig7σ_>~p诌8\ \ t-2 \ZhE #TUE   U  bR \  X 2Y\ \ r\ \ \  a
M /r  W  T.\ =iQkNVr\ -k !M!  0M YtSN%\ 轀 >?=ƈD\   Z@F\ \" V4/\n@ h@*     H\0dl 	P\0\0\0IDATR\rULM\  #6̅ *Q`s \  沪 *2 \\)  1\ р b \ {\ | \ 6   \  \ w?y \ { \ \ vW    \ \ z\ ݏ?\ _^  \ \ \ I\ \ UD\ \ .= \ E }A    \  z1l\ \")2 )  ͳ\ J  \r 33 ֹ   H͚  R \ \ LUU\ \ L \0S   \ - \ l_b bE V4 t   ] \  \n   \   \ \ o  \ X\ $\n{   {ƙ 7\    ֫\  \ ݻw?  \ \ 4 } 9    \0\0\0IDAT\'\  l 8\  \ P \0 ` \ \n\ R  :\ k5\ ,ǆ     R\\/[=  8n\ \ \ z l = \ >h\ z u*9z7[\";R# 0 i D\ \ !   C\"R  j B\ \ F-b  ٚY (\n \ ! c4 \ t\ \ f \ \ s \ \"  5   1̠  if 		 k\ \ \ bɍ\ U |: w?  \ <z \    \ {  [ { \    > !-W  \ y \ ѵA҃  }v   ~|  Wu m[\  a\ \ 6 \ ) 6 \ { 2  \ <  \0\0\0IDAT:F H x \ I\  \03    \' MS \ \ C& y\n\     \ P x e\ 4 \ HZ% < \ rqPE<\ v? \ \   \ o \   Ͽ % 	  \ L(3B̧̥   nqhHm Z-OW\ \  zu  )\ \ n  \   ˀ  \02DRE0,b) a   \Z:_\ =\ HX + ,\  \ .  բ\  y ) \ \" 0MS\ u  \ 9I *y ZU14f` 9  \  \ 1 |  0֜\ 96\0  - D\ lf1\ =\"\' R ȱ 좸_\ \ \0\0\0IDATc	. \ \0\n `4\ [I\ ¬  5  \ \ z . t]7v=     \ ƢY =~p\ \ \ 鳧O _ q \ \ \   \ o <  K/  / -c   \ ) h\   ] \ \ GY\ I㧢 Ã(-  2c >\ # 1\ ;\"\'\ T\ Ï>\ n \ ,ێ8p  \ $Z@D Ԣ \  @  bu\ H j%CP  \ y33aJ  \ h&c R\ZW\ \ \  \  \  Ǐ  o \     0  \ L\  : ?=P  i\ b P I ׻ ų v\ Oj 8\ ʪaLU\ \0\0\0IDAT \ 3\ \ Q 2  \nZŚ- :\ j  2, \0K ీ^\ z    > \ !wA! n\ \  \ ]\Z j  J\ 6D\Z\ =P  Y  !\"0 \":|> \" \  ƣR  `b   \0\ 9O \ \  \ 4    \" B\ ]  Ԋ\0!ʹ> \ ߓZ\r* B \  q \ v h  \ i\ =~X li\  q /-  Q\ 7>  \ ޿u  W~  _  b
+p tc}tt  7 .Οl\ \'šҽg  gۣ7\ Ǉ \ 3 } j\Z oB ̸\ h  \0\0\0IDAT\   C  \ خB  ۱   \ X Un #)B Zj \ 1 #\"B$&&  iUTJ5@B @v\ \0sN\ R3  (h Y s\ CJ%gy \ \   {  \ n\ \\ \ E%  *i\Zڮ\ Z  \ \ 3{\ \ )6 6   m \ > Yŀ⮟*z\     \ \ Sg\ j!-l\ \  \  \ \ \  I\ mt\ 7 \ &`N\ n_ i   \ K  \ 0 RMAй\ \ \ \ \ \\p. B1W  (\0\ s    \Z\09\   
/\ >:8DT\nN   ɼ   \ \ B  1* \0\0\0IDAT   @\ i?\   ? կ T%\ D l̿    \ |p R =    -m\ tm     6   &    a\ \ \  \ ~  \  \ 35έ \ /  \ \ >   [oO\ O \ 4n./<|p   Cʇ \ \ |   ~  \ >\Z\ t\     \ \ ͳ6\ \  *K \ T42  Yxr \  g盫\ ؏\"\ f
)H) \ Ҹ0s \ q@  h*9M T\0cd\"瘽w)\rf*  \nhH\ \ !Σ\r\"d \ . \ }\ \'   _8>=  m  i/ Q\0\0\0IDAT } VK jh\   tYD\  \ 98pD  fh  * ϢS \ ؇ u\  RQ\ \    \ Ÿ \ :u  \ \ E\ \ H Re \'\"\ j    w9vE\n \ lC$A c \  \ PT\ S@e\ \ \ \ #&  i?T1s  \ 10 \'  &vM  \'f\n  \ 8t\ \ ƛ_  \0 \"  !)   \ \ !8   a \'\ ǧ  \  %25M \\.\ 7 /  +  \ 6\  ~ ^ \   w~Rw{2  ޽\ \ ⃟ tsqqr\  \  h \ n  \ \ 74i\ s\0\0\0IDAT^ݛϪ s R\ 4n/.o5 7_,      ˎ gG  > )O   \ \ I  zD Y \n \\\ T Z VUb$@\" }   2D\ 	^q c jfSA\  \0;\ \ QD 9\ \ \  \   b  O     Ͻ:eI  \ p ` UD` &Z\ C q\ | X\Z  r\  U\ }X ö\'uN-\ H xuv&) \ j  ~{ S\ I\ } ȑ\Z v)\ ,g\ =; 9  s\ \ 9@  &P\0๙\" 9 ̩1!\ \Z\ s= \ 9:Y bV[\0\0\0IDAT    H 1  )B\ q \ 3 +@p\0T  y 0g  (\08F110i\  \ \ ` Z\ \ p  D  MJ \0 @Aơ * ׯ-    *7oߒ \ ? g \   \   
\   w  ݓ\ \ 4= xz\ ; }  py  m ҫ  ^;A  \    \ OW ˣ  CMVȷ\ !\ \ N  Tq\ >4&\ *     4\r VNy\ * \ Bh$  0 (\ !͊ݼk\ |4 r\\ 
9) јY\Z 9 \ P \   h \ ~ \  \   \    \ w  \ <s \0\0\0IDAT  \  8&%Ϟ	J)%Wdj  yR\ Z\ \ ̑ \ \n^*\ ȋD  \ @eyn \    L\ H&\ . .D   L#   qh<PQ <\0JU  \ d  .p hf \0    \ \\ *  ӌAef3A4#FG\ 1RpH  Q   zG\  S\  ,PTT\ h Z f )  \ q:M \ \ \  \  \   \\) 5 ~ 4\ Z f# &R\ n\ K   <Ӫ    \ \ n y\ n   \ \ \ \ _     \ v\ \ \ /  -۝\ \ \ f48 yC \    \0\0\0IDAT  S?. z\ ฿~ $ 2\ ܩ  ݹ\ R v  ͐3v$xTW	E+դ F  &  VЊj* XM  \  FTG s    1WT#CE# \' y 	\ nȈ \    x\ \ {     _   \ ybRDt\ \ {P\ yJ i\ xDHѨi\ BB\ \ \ Iw\ .\   `\\kB\ z) i  ]\    w%+ *\  O:\0U1 2 &6ͦ`hf*\n\ YUu\" ZU(&@\ D4 \ \  u  g *  \ efX8RDC   \ *wa\0\0\0IDAT   #\ &W  *( \ Yp\ <\";\ Eي\ \ e  ȢmNOOO    \ \ \ y \ \ G ʢm m$ R \Z  Cӛ\ N   /\ p \  \ \ )\ \ \ }     \ \ \ \rЩBF  \ \nvxt q\\  o    1 M \ K\ jՃ  \  S \ ﯒`   {F\ \ i R \"U*
(   @ \ @ c\0p     \ ( q0 \ \ Gfd6\0@ER\0P\" pu 1\ ׎ 6\     \   \  \ 
7W E%g& !zF \0`\ E;\ \0\0\0IDATBc  >\0  Z ` \ \ \ gΞ\ O&$ \\w- \ + l% \ ,uH< r`  c Cg\ \ (\" \0   VG,     Y5S  ̳   \ ٫  *  #\ , \"1  #\  q\ZF- * ? 2\      |z\0\ bp^a\ 6ˮ ޫV3  :\ \ 3 p \ \ \ \ \ 4\  \ . \'ׯ  | \   \'O\ \  қo ޹=  \' Mxm  \ S j\ X < z \ \ m\ \    \  W\ \ \ M \ 2OS !   \" eLV2  B\0\0\0IDAT ZS T
  T\nhFP\" \ 	 j%\0 ٯ`   AE@\r S  \ 3:
s\ 7# \ #K 9 h%fB\0  d hH \ \ ۯ  \  \ t Z=|  _  \ 9{ \ o Ư޾vrz d  \ h\ |  TČ \ \ e\ $vz\ o\ y G t \ KNB \\\ \ ,  	    R\  \ ܘ  B%\rXsӸ袔\n \ \ J\   l\ L  H\0   \ \0\rhxG\ 9\ \ Lk )  \ HJ\0\ g\ 3  \ H\ 8֪b `T     i }    \0\0\0IDAT   p޳  Jϣs \ n Kr  \   ͣiI  .    \ \  \ \  O<\ \ \  ֛/ t  $ \0\\\ w\ }\ -׏.6Y\0] \ \ \ O\ 89 u\ \ s  م \ Ƨt U	\ ԟu \' ~ ib   jJRLM \ d6  jU \ 9\'   { L\ \ S\" /c~   \Z\00y\ \  y\ \    3#  9@\00   ~c   ڷ \   \ ߻ \ ǿ    \  \ N P   \0`  3\0\ .   \ {k< W ׏ > \ \ \ H\r  b\0\0\0IDATWS\" >\rE2:\ Ed Z\ <㰫\ x lɀQ\ \ LH \  \ \0;\ \ 3L5G\ \ f1\ \  q~\ +       \ s+Q\0  ?| \\\ 4 W ~^  \"p\ 9\ xgZ T3cr0  \0	     Mdf-Z V\ \n  04V v \\ ݜ\ \   q a   \ Z \ *    O   .\  \ \ \  \ psvv   Q\ } [߈   ]?\\ TJ ڤ  \ ~L\   \'g\ \ 8  \ Gw\  \ {o    A\ \  \ \  M 8 u3\ \Zi \    v  >r \ /\ \0\0\0IDAT  E b 5\ G  ~\ ͝ڬ\ y\0 oGV α  h  \ c?/ \ \  !\ \ ..\ qi6a :\ CpeJ ]  shT W \r\ \ ݟ} \ S? \ ׿  \ ^ q \ \  2q \0  ]R  y\     \     \ u 0:7 U\ \ cJy\ \  < # 5: VrI [  PF \ A  NM\ f J \   T% . \ WY!  T2(\ \  \Z  JՇ    v.`J J]  MN  !   \  *ƞ\  \Z  6\0\0\0IDAT갊  ;  <ﾺ mC KK2EQU\ }     9  KE
 \"p\  * Nc \\.WKA\ C\ j;\ \ _ n ~\ \ f5f ô}   \ ӳ\ \ k)]k.C\ CҔ\ \ _    ŷ_|\ +\ \ \ \ \ j\   \ \ x  \Z\"\ S 3P Uj-R DU  9F\ *     \'    E   \ 9 \ \ 4  \ @\ b v  U   E\ Lj16٧ \ ~ \ ǟ \ ɣ\ \  \ M$\ 0tYL\  Z4 IB i^핣e \ x1\r\ \0\0\0IDATO~x ͯ\\[\\{  ΈF7 \ 3j\Zd d    \ \ \ \ K\Z\ ؅f\ \ b   @h?<?i\"1x\ }XTD    lI\  C\ gK-{G`Nj-FF$(Eq\ B(ÙYٴV5@#d\ EM (:   *\ \ \'. k\ 	 H1\ \\ Ǉ]<X4j\ /  M\ 	̦a\ w; p\  [ k Wi 6Į\ \ v \   ] c\ +  O >=?;;;\ ^ ߿/s i \ 4 @\ \ ⳻    \ ^ ҭW   )?\ } YR  \0\0\0IDAT \ \ pdjbǤ   O\" \ T C ZU@\ 4  \Z \  \ 9\ 
ޗ s j.H l\ 9 ?\r\ 8 F PE $   @ \ \ \ \ n \  \\m/k D\ \ ^}啗5\ Ɠ IU5 M
D   믿 ګ   \ \ \ Ѻ\ Ƣ $ # A  ,ٙ\ *bJ S \ }M# Ң \ !3 \"  (y\ \ 83 \ L  P m\ Hh Zj.  
Lg\ ܫ\ nef 3; \0\0\ \ \ \"`@g\ s  0  !\Z! C \n~\ ɀС)5!T y)\ \ g k\0\0\0IDATQM \ y\ 9\ T  t\ 5  I\ ~3^ M eN\ \ C\ \ CC\ J \ 8\"\" \ !   c\ \ ԇ \ nsJOϞ=z `s t\Z  \"\ @UJ IP VI  \    GO^x \ o r   }\ ;  \ Y\ =  g D \0\     Ծߍ\ XJa103Q\ UE \ 7]\ cK\ US_ \ \\\ \ y9W\ Mp\ lZ˔r\ZS\ZQ* :\ ު jEDFp \ j\ W=3k WW  \ \ v\  ܛ\ ;U \ ,Rc ǩ r|| W   \ _ ߛO\ ?99i \ B\ \0\0\0IDAT  Oi, 02\"K՚Ӱ_\ VH
 TS  @\  \ &ap\ ,z\  \    \" : \"& FE 3yc\0,hZ}  3O C  F\ Q \ 3  s! Tp z%穪TPQE $? *  0 4& Hj 熠* d 2 Y %  z\ Q\ H]` T     \ Џ\ П  \ MJ &j^  5\ 
  s\ !_ \ \ g\ v    }rv  .XTMj .b &J  x؏  \ r   ~ ; rz -}!6e&\ ^] I  ɛ!  \0\0\0IDATk \ 12 dd m <<j  \Zh   : iJ2̌ hJ   ],\ &\ ) Tش  J\"U  kSE J0 \ ΍  & ix \ \0C  \ \ \ r?~ ;=^\rS/iZ \0 \ g\ \\`\  \ \  \ ۯ  \  ާϽ :Zmk  ;C Y\ Y \ 4T 0h6E\ Аoi \ v) \ _    \ ՜] \" 8Gl  4M  z\ \ t  \ T9\ xS\ E |%  \ ]0\ \ 5  k;vUL|Y+\ <NSN XU \ \Z   ʔ\ ) ;\0 k)  \"%\0\0\0IDATh-:K)\     ~  \ \ ߞ?\ n.\ \ \ 9w <\ VmI  \ ԑc\ ! } |\ \ \ O\ çO   4\\eIM\ \ Hy1 &  ǫ  L\ Тi 8  \\\ \ \  E tx \ \ \ 7 4 %Qq   e~\0    \\R \n&jS ^ ת\ . \ .] \ S Xs\ \ 4 C \ Į].   A 	 Nc?\r=hS-9BE =% YŔͻ m \ \ Ea  \ 0  ls  \ \ \ g> 䣿 \ o    \ :H  - \ \\ B  Q ӣ  /\\{ O \ C\ \0\0\0IDAT u \ 㸺\ K  *\ j\    gF  k Ŝ\'f\  M\ \ % w    Z  @ \ \ \\K\ \ QQ\0C2$bώc Q q) m \ R\rkU \ h \ >Fߴ  \ l \Zb Xk&&S L+`\ 4j     * \ \ \'2@13`G\ ; 1\ \ u  ]  ?  \ \ \ \ R \   \ \ 9g\" \Zc \ 5c\ \\\ \ n
 \  *S\ O. 6Mchc\ \ 5	 \ \   W  3/.
,9?{pЅG     w \ \ ;%2D03  Jh H\ ݵ \0\0\0IDAT\ \ eҟ\ \ Q|NSo`   s\ 4] \ + a  k \ 0    ILC Q\ 4\0M\Z Rr\Z i V)   &d  \ +S\0 J\    \ m  Ns\ ^]NE ~    <{R ^ ꋯ `eP@ - CE \ \ ^z\ \ 5 |\ Ӷ1j!\  0  \ 3   *ff yB JD>  > m7 \"\0&j\ -Bl fQ!b0d&3$  3uTє   \ {Dd  m\ u Z , T\na *: >Zh\ \0\ jT@B\ |c\ @ 1\ z\ \\5-U   *̂ Q\ 
\ \0\0\0IDATsΩ0  \ |`fL  U֍[z\ _<    \ }\ \ \ \ [ \ ]ׁI j\ ]8\0u㘠 Z wc i \\\'\ ]h;\ ܲ\  ? ﳇ =Ȼ\ .\ .\ \'4Zu Ӄ ehvcNÐ][  \ ~ y\ W? \  \ \  \ \ \  u   Z*U1 =@\ y\'  4PD\Z\ 8m $$+Y]h v r dEefR,V  \nX<* \ O  4 `\ ITG\ āǩ * 2B E \  \ \ }酃 V \    \ \ _   \ k+-\  \ 3^]|\ \ \   7 \ \ Ǳ \0\0\0IDAT\ \ O~ К\ ,.tM  \ [ o~  \ F\ \'k S 2)U \ \ t\ >O 2K\\\"U  2 Apܶ\ \Z\ jy
8q\ 
u\Zk.P\0\0M Аh\ >G  Z\ T  9\ \"\ \" eK\ z \"\nȥ \  XJA     & B @\   Q aLSIJ!)%! L &si\ \  \  |n ˖	\ \ \ uv   ^ g \ \ ~\ ww / t \ K/. ۶  . \ jmإa   \"VUr {d \ ǟ ?} \ \ > \ ?۞_\ ~,S\ \ h \ V\  h}\     ֆ\ \0\0\0IDAT\ r j \ \     qҡi\ \ \ \  \ W \ x\ *  a\ ,\ 0\ \ZB0%\ L  e\Z ݍ  c hW4\ jnq h \  گ  q IɃS \    \ -\Z N  \ _ Z效1\ \ 4& Z\  @ w @\r\ \rc & {  _  W  j  \ n=|r IAz\ \  \ \ \ \ \ ?;߽  g    \ / \ \\ b j \  ha\ b\  \ b :( \ v \ (R \ i :jݫ$\"Ǟ\ \  E \ \ /~ \ ܫJ \ Fǆ2 T  *bId\ 5I \ \   \0\0\0IDAT=Ah\nw z \ n 7V  *U\ Xu; \  T,Kou\ : d l mf\ M Ԓ mo ^\  V\ W\   Ͼ~\  U\r\ Z\ Mw l\ >=   \    ٟ<  a׺ ~\ \ \ \ Y W   \ %I M\  }Ua& \ V \ 0n6 \  \ \ \ \ \  \ \  R ̛J   j\ (x  i \ \ Nn^߹  \ *\ %\ 泳\ /N v\   )]\ \  Λ : 9\ 
P \ \ % \ a\ } iLp j \ \" \ 5 kY \"e \ D ׻ * \0\0\0IDAT\ n٪H \ V\ a  ~|}  ) Ie -<\ k  \ \ \   J \ ~ \ \   \ w  W^ \ \ zq~ \nm \ ~ \ \  \ n \ /}\ \  +o6\  D\ n6/_;DMǋ\ \ \ Tr%jWˮ\ qSAxy \  Tl \\تw\ 4M\ \ \ a Pĕ fُWWy? _; J٬ \"  \ LZ  U ;@A`#\ \ ;0_ \ \\QSa 5] \ 3\ <  R L ϗ@Yժ\  nѴ Y o f x\ g \ %\ 	 i\Z\ \ZG #\ \  ٓ   \ ty! \ \0\0\0IDATV -!x\ K \ C#fY%8?M\ ;JRq 1Hށ\ Ɇ̵ \ ˋ\'O=~t  \ ӫ 
 %{\ P U08\  I ٌ-1 \ x     GwD \ &\ Dc j\ R&,BE h.խ  v \"\ va \n-	\\    +7  \ U  4 X  1\ 1   V \0 x    뺗\ ,y+ t 7N  Bl5    \  \ ;}  m\ %5  \'?{ \ \ 
\ \ \  7\ \ xd^? \ \     _ \ \ ~ W\    \  t\ \  ፓG == \ l\0\0\0IDAT\   (Űk}+ε ۖ2rU \ >h\ .V [\ \ \ & Jk\ i =Ѹb< \ @ \" \ A\ \ +\ \0   \    *\Z\ 3oU \ \ { ^ U5A\ ح\ 1  Z&Q2e\0\ \ \ PPԡ n ]; I2\01 5 g    gG\ T \ \"\ `U      9\ F V\  \ 7\ . Z\ b *>s\   \n H\ \ o./ W \ O\ /7i\ \ #{F\"b f v] \\tc?\ ;  U\ \ 4\ \ /`u ^ \ \ UA\ {\ ډ n\ _t\ J   Ù)l\0\0\0IDAT  b0ϥ \ \ ec] ? \ I\ ,    ]}  \ s_     \ VwK3 %\ h.4p\ \r|\n  \0 af !@ Hh4ݪj K\ ]  Y   {DF Gx \ \ v \ p%    ?\ \ y  ?p qPذP `)\ E-ّ fli $  X\ V\ \ rf\ZW#  G\   !6g  \"\"Hns  P    z% QA č \ ] \ \ ?  ]s\ \ F[\ \ W f~  \ ? \ bR   ? |u  ㊪\ I \  Ɨ o$J3\r\ ~\0\0\0IDAT; I\ 6/ cԞU>f \ *BP\ YÅ\ \nL l  \ 2 \ 9 <\ D6a.  Xq Vqr    9g \  j \ 9\nɘV q !_TD
 $g,8\ \"  \ X  1F\ \" 1\ e c  m <\ Hr&1|      t  d\ \ QWK0\rkV L-/Yc  j \ 7\   \ !  RG w 
   yf %\\@@\ \ t:  i    Q# 5gAJK	\ gY\Zi\ U2	 s\n!kg\ b\ KU\ +	\\ \ ҧ q| \ \ L\ N c n\0\0\0IDAT X{ \r\ f!`XT\r5 R R\ (\ \ $ 	W  1  \ \"\   \ \ \ 3 e\ ^ \ }]O x \ h8 \ 6\ ie    FR@\   \ \0T{[ \ :-   \ q  .9 ɵ\ o̎\ \ ?   G ڭj  :   \ \ \ p \   ӿ     \   _ z /\ \ \n  8 e\ |h\ 9\Z$jw \r wx\ \ k : `T, iQ gd\ A ̫\ C (\ C  \n 	L0F 1 Q@\ \ 1  3 9r <qN\ 1 pΌw uS  R PL L+  D @ \ \0\0\0IDAT    }S  H  8\ qh  B\\W   \ qOLKN  \  3 \ \ \ J ?~ p  \ | \ \ \ y  n 6Ͳ   4Ɂ XG s%    s\ 4 s\ 5 V  œ\ O {8>cy R\ H0 DB Q\ \ \ s  eY\'o ?Xk </ΒHh\ Yd\"֩ ~ \ k   l\ \ v\\   V   g\ lx[Va  4ȂV RI  D   |KR  \ l\ ,O 	.#\ \ \ j]\ š  x \ 꺯 9rK=+ͬ  \  !AP\\ B  \0\0\0IDATxB \ :   ~ .\'\ \ \ v   |x0_AG\ l52\ ~  \  k gOk\ bW  ˿ ד       KHy \ 4h+  ww7 g  ӭ q OD . 8+\ hV  f UAH` \ 1  1s\ CH\n \\  	\ \" KD 8c \"\0ϐC(r \ ٕ K  P\  T\ J  $d\ Q .x d!rB\04\ ZK  + C\ E !   R N cG ~ _={   \' N˓]-   Bg  \  `+\ \ \ <˴\ Y 3
  \0\0\0IDATQ  9YW\ r   \ D4:;{t ۃ\'O s !p   \ 8 Ep\0 ( \ Xk\ 9!\ i\ ]OӖ $\ \ R  vIl  e  6 ,_~ $lq699Y  \ ?\ /\ /     \ ĸ , Z  Շֆ C jV M3   2\ ^Zk tvp \ \  W    \ kw\ :\ \ \ \    i5  najG\ <8b\ %0f=U\ P6 㤲   Y. `@  *\ \ jU  g{{  \ nMF \ \ o \ z   \  \ \ W ^~ \ wG e{\ \ v6  oX \0\0\0IDAT  
| ?鰰 v ,(/c =a$  #  \ \ W    \ ] P \ 5\0\"Ă 11   !  	\ Ar J  \ 	A
* \ \ZA*\ - \ %   ,pD>\0 \"\ C \\\n  GF  . B\0D\ B(-5\0\ !\ \"S\  \ \ \  擏\ ./n    T  T \ !g( @ j&`    \ EQC \ \ zY,\'3k\ \ \ ttx  \ ZyI\0X \0   w \ l  ZF    ϯ:\ Xw;  \ \ \ v vԍz \ љQ P    
\0tt\0\0\0IDAT\ \ ٳ    \ k\ e\ ᛽ \0\"\ \ 9	  a 
&e\ f \ mG4	g\ \ \'\   ͎*XX0F$I_\ \   G  \ \ v \ \  鉶 o߹   W z l<\nID  sD\ z \    \ \ [\'\Z
D\ w@\ \ h~q  Q7Oֺ  8o7   \ \ N \ kY\   \ \ 1\ V?\ \ E  \ o\ eG    7   { ח Fe\\z\ a
U 3\ jY   \" yn $S  E b  \ \r  Ah\ \ Q   \rH\ y^BP Œ iB\n y @2\0\0\0IDATN% k߸\ mC\ ;2\ry\ \ s  %ϭ4 \0\0RJ\ q   0 L	  J\0@\ i7^\ f G | \  ~ 2 \ \ T+Ź  3\  \ \ q\ nw  8V0O[8V5n YΖ\ xSV ^\ \ / ZM  \ ^] BHG 
 #\ % ~ \'8/ B  _ V 	\ 4\rwa kݑ)  x~7 \  Gg  \  y\ Nm(\0˲\  \  
Wo \ \ Azc\ \ ܝ  \ |\ \ Nެ& |i\ ,D  j + o0 <  \ _ \ \   \  ଢ଼l\ j \   w  H\   өC4\Z\0\0\0IDAT   \ 77\ \  \  \  뷇  =x\  z\ \ \ \ \ \ o  4 \ z      䬸 o=} \ [ kkOGK  U f ^ :U   \   \ (]\ x\ \ 5 \ ٱL \'  y\ \ \  O N|cw\ Ε wn \ \ \ \  ~|S\ ^u<\Z_\ %^k*sv \ \ \  G  3   \ /\ R <\ fFU5   c rv  2
̛  a \ a     hEQTʺ\"7o\Z: c & T\"( D AJ   \ $E `\ \0 5 i 5J)!  
 \ \ ˇ #\0\0\0IDATvt \ ɕLEq [  \ \" \\ 헟?   f    \n\ 8\ > G\ J\ 8 ӄs q\Zk\r   >D (V\ qӳ  \  \ \    F Q \  ^0 \0 \\2y  :ѝO\ \ h \\.\ <˳(K \ l\ \   \ \ \ u\'  \ _ \ + Ԑ  \",   X\ \ \ \ a\  \ \ [ \\ $r<\  r Z [k\ \ \ \ F>\ \ \  7 ? 7 | \ ? \ \ \ \ > \ \ ~ \ \ Mܾ     :\  ҝ ~ v \ n  Y  -\  \ \ ګ  O \ \ \ \ hj\ 	 E\ \ ; ~u\0\0\0IDAT\ U\ b<\ Q 0	 \ qw^   a  y . ~{\ \ \ yc\ U 2ν     o \ Uˡlw^ q\ \ \  [7/ܹ\ y \  \ \ \ ~\ W \ \  l \  zo  \   \ ^g  NGU9 \ ػ    ɤ \ q 3  GǇ=\ \ \ 4~\' ?ze )\ y{ \ ] <\ R  8,*1 u L Mm  \\ D בCNN|  \r Eڛ\ \ZkL  0P Yp     `(  \ Q% \"&PEp\nLr A\0 \ \   W_ x 	\ 4 1\"B 9\ 	y   \03\ \0\0\0IDAT\ z &t\"\ Up *+.U%\ sT  \ ӳ,  <yr:< U\ \ \ |   \ 3  \0\0 y&  \ g\ 9)e    F\\m  Ϻ lʓDnKp\n\" 1@ qױ3V\ Ƥ\ \ \ 6 Ƥt \ \ \ \  \  {\ \  \ ;   |\   b\ y   \ \  \ :&\ \  \  \'\    \ ? O h\ \ \ ^\  [~o;aX _   \  0\  \ \ \   \ e \ 4f9\ `\ Y .I\ i  \ Z0E 9\ 4[  \ %Ֆ1 \ OF \   i{  9< /j\ hs     \"! p\0\0\0IDAT=	ҿ \ \ \ ._\ \ \r Ι\ T \ \ k  O ݏF\ \ \  \ _ \ \ zz   B襧g\',,޺8\ \ v h\ \ \ ;\ \ i3/  \ \ \ \ V\ ɓ \ \\\  ᵁ  d X\ t.  J z\ D$\ & `\ X @\'G.  \ 0    \ <\ <\n\ IƝ \ Z\ -q) |`*: C8  d]S, R\n\08S\ \ \ \ LbP U\ 0\  \0xdƓ\'\0g,r\\ \ v; \Z\ \" )@m\ (N\' \ z;[<  ) \\\ \0\ 8	\ \  _ \0y) \ <  7^\0\0\0IDAT   n\ {\ \ ZWW  \ \ \ v\ k\ \ n\ 4
\"lL ;\  +   ? \ ퟿    \  \   8 \ ? \ [[ \ G  e {9_ \ \ :9t N g ̓ ߽   \   [Ϗ\ /  \ 4Uep ʼ AȫW^9 \ \ ,\ \ J   \ \ m 6*3 \\  _e9/     l \ \ }Hx\ j\ 7MS\ M(V\ \ \  \ W\ ,m\  \ (G×iK u\ \ \ ? ^zJ   l  n^  \  7    \  \ + \ n z   :  \ ǟ> \ \ ; 1  ܌\ A \0\0\0IDAT\ Z \ \ \ n ; \ N\ \ G\'\    \ ;o_\ u  <M \ ٳ{^?   ˧nv \ \ \  \ {\ m\ Z|V$ \ A 
   8w\  C R\ =\"J\ O   MS\ \ {!D\ IPKD>8\ \ % qg\ [\ j\ 4  M	\0\ \  𰮖iٺ \ Gq     @\\\ 8\ \ 8 R\ Zz  \  ƐP    *\ZSY  \   \'g\ v  wX@#``B2\0! \ \  a\ {  v\ L E  }\ \ ,  Y TK\n\ m M\     \\
	  s \0\0\0IDAT\ ,;y|\ \  qa\ \ \  q \ \Z  ~  \   n  [ \ \ \Zڳ \ qt\ \ \ \ \     z\  r \ tƻ \";+[ ] \Z/ \ ዦ ZQ \ K\ 2-\ \ \ \ \  / \'+ t4 =<:   \ 4X    (γ  ם   ^ u<  Hu u[ [ 7   Ɂm  .   \ \ iY  t  2 K\ uoM\ ȳ \ p \ { \  \ Z    o>y  \ ? \   W`揞\  \ k  - ޟ ϳ\ ^} G? u\ \ \  \ l \ V\ `\ M y \  \   2\0\0\0IDAT⠿  < \ \ L7[ӕmJ+ (\\m T\  !  <  ſWL P  V\"  w \  zr\ oʢYN \'    x@  T vr~ aN  r    s. 2 F \0ޣq FI,$  \'\ v\ lY   J9w
  \ 1 :Bc^  \ \ C\ %\ZKE@ApN2h #\ :\ \ \ q]\ \0\  9 YT  đ \"i\ s  5p\ Dc    4mp\ \"  TL@\ \   K  ;km£_\ g _\ }  u  \ U \ ˺ \ \ \ \ \' ;Wg\': W%\0\0\0IDAT  \ /K_X [i5Yթ`Ig \ [?+j\\\  \ \ \ ^  \ \\\  v\ B \ U}igg\  6 \ 赔Dg i   Ƭ!\ \ 4\ :     \  Ϋ?uլ.  ~|絍  \ G   fW \     E \   ~\ O\  \Z\ \ \ 0\ 2 G\  Ξ \ ;o \ \ O Ͷ\  kx1^\ :W /  ſ \ \ y    \ \  ? 3*Ώ   u      #w           {  lu E&z\Z-\ Pp h]\  }` Br` \ \ C O笿 \  ^]_ \0\0\0IDAT     Qp\0\ ᜧk r. Jv   e1c   N
\0\ |6Y\ \'\ h\  Ζ  \ \"\  P  Tq (  s u     ټ j  ޘ i\" Qȣ  y j  ,\ G\ ,8   \ 	&  B i\ZI\  \ \ G? \ <Y \ k f+\ S3\   &̝ %6b\ 2 \00   \ ޺|s  _\ 7 \  $\ P\ cU     W  \ *6o  a D\  `{ ӛ    \ \  
\ <|2+ W 36O; =؍  O\ \  N\ \ !\ \  \ \ ~:y1\  (J\ ,\0\0\0IDAT~ C[\ \ \ y\ N6\ \ \\J \ \ \ G 5 W \ \ O/l 4\ \ Bb ݙ ڏ ?  \ \   W\ \ Re\ o    G/O  ~   0 k\ v lDCBg\         \ \ \Zn^\   \ \ ٵ     ŭ  \\ R  \  |z - \ \ \ \ b\ Қ\Z   \ \ _ b1\ w PӢ)D@\    \ r>8 \ \ \   \ 	  \ ́s\ 䈒!\  \0 h b  G\    \ b)d\ \" \ \ 6zmI 9  \01 \ :i\ :D, 2i-~\'\0\0\0IDAT }yװ  JT 3 k\ \ o 3e3 \  ב  \ x\ \  \ c\ \    dE\Z   \ \ y 1D~ 1B\ U  ȥ \ u\ \  |93 ƭlV ѸjFc~ K  UQZm    Tf \'     lg \ \ \ > t8\ a   \  r )   \ y.-
 J Φw\  iw\  \n  G\ d\ \ : !הՒh4\Z;[,Ce  [ S1|X 3e\ } \ __ q{ ʏ , @\"L_\ Y    C\ ;\ L  Ek {q \ \  z\ GǍ\ {n<>} \ \ (6=\0\0\0IDAT z o6  \   \ E     \ \ \ ^\  \   \ G  ~\ r   ɴ\ \ ( R  (RM%      \ \ \ \ K 筽v̬k ۻ \ Ɨ_ \ ʥ \ l\ w^  }\ c\n x6j \ jm  \n|p \'S VC$ Ic]\ 4\ C\'\ \\ dMik몕 ւ  @`   \ \ 8g  R)%$\ \ Q \ mu򢪄dY,6[  JS\ j       3q\ yĜgMU  ã4   \ 2\ I   ף~{U\ \      S    \ \ \ 9ȋ \ \ w/,)  X \ \0\0\0IDATMH{    \\:\ gZi$o\ ! u\ Q \ I \ n   e X \ xc    n~rV\' lV5 qDq\  \n\ d%C\Z y   \  \\  \ + lhYoI\ C^cL  Z \ aՖr#O\'#j    ǭU   \ t\ EC )LO\0j\ ;\ \  `9  /z  
 Ez w +\ u[Ż?y\ Ϟ\  n  ,  | ; \ ׳¾L  ߹ \ %}\Z \ \'O~3< d[     ? \ ѣ ?{ w\ \ ]   i v \      \ -  a/\ t  Y\ \ =\ \0\0\0IDAT I)Y;\ %+\ L\ -\ O\  L \ \ | \  j =ti 烋>\ \r  \ .7\ dk- \ Y Ѣ^   ]  s| \ |>^ @0a .c<I\ \ r閫  ƃ ޻\    \0\    !c:N\n 
 \ Zs\ b \ \ ^  i \ b>Q*\ t\ $SCN }D/q`  $ %x \"\ \'!\ * .  \ \ 7e EU8O 3\ 5\  \0 c 
 \" t  ֓w\ +@ i 1 \Z9; 2;oȓ `k\    JB  !q zƅ\ R0 \ n\0\0\0IDAT@W5    \r\ p  a  LOz \ T7q2  ,Z \n  ݋ \ K\ %9Z&  +W/ \ uU \\. X\  y\ Tiً!   \ \\   \ O  =\ \ tF a*ҋ\ [ ˯ \ \ ,\ \ \  p4 t bH[[ݛ \ N X 9 e\ U \  \ \    \  \ o \"Xo}  \ n\ m\ n\  &>	 \'   `\ \ \Z\ G\ \ WR\' \ Ź   z  \ \ \ F A|2M \ \ Z\ Mg_ qs ) \rO7  6OrP\ h>  Q\ ӁY/Z\ \ \ \ \ É   \0\0\0IDAT |Ah, u\ 8   @ # h s\ XC U \ Rjv  ͈	%uԍ s&  _k\ nk ݖޮuҌ`<Ľ `\ 2\ \0 \ <϶ \ ,΀} f d)h	  \ t\ *\ \ [녎b% \ D   eI2a)\ [kmc< A% K ^ $   t( \ *S9\ j *U dJE g \ V\ N\" \ yt Dd\ r  \ 3* ( ot{=3 }6~:<  5\' ,k\rn\ _ \ 7  :  ; q3f ^[ *   \ \ \ 7 ٴ vʰ6   g\0\0\0IDATzY\r  , r\ ڕ_   g :gN  W.n͢ \ \    \ ^ \  a  \ \ \ ɬh\  A T$  a  鬝9  w h  6\ N)Y   ݶ\ ^4q^\ 4   ͻ\ Ŷ\ S  $?\ P(\ X^!     C E \  pwk{ 	\ \ 9\ <\ \ N\' S\ ~qv,ն\ 3 p\ & \ H)  \ Q i  \ ͆ qB\  \ 6ރ\rȀq\  
 9\0 \ [oC@d \ Mf\\ u\ 
c I26Ѭ\ Jw6\ {Y& O4#okm]۲,\ 3N\ {19     n\0\0\0IDAT; .xD  VL \ gLɘ34 ` \ZC.0  )x\ ¼ Lg2( >8G  \\\ zF\\\ QF\"Jb%  \ h\  N1\ \ & k  \ \ \ (pAy\'  3i [U \ r6 j \ = \ \ BDJ& \ K/_ uxV   _5 \ ; \ ?   O\ #  x*Dq\ \ \ r\ E :   8 Q 02   l\ (ўN \ n   e5\ qY =\ \ $\ f / ſ|\ \ [\  {w  O\' h    \ \ j8,\ 	S\"Z-k  M q\ \0   \ \'!\   $\ 1\  \0\0\0IDATtZk P\0\ \ \ d\ I  } ?E\ X0 M c몮 \ \ @( ԩ\ \ N\ \ \ S\ I\ \ I \ \ 7 ywo   E dn\ N \ \ Zs  \ \ 8/W ,\ d	\ \ \ <CƔd   |` Kΐ 
(Ap j  \ y  K    H8C   s U\ N V\Z)b\  $v d yk\\UYK\ X \ <  \ Ĝs\ Z  1d\ $ ( \ g \"hdړ(j[ MmHp td<   \  \ZD\ 8i (Bc -8\ \ 5 8@   yj,pƥ\n\ 4\ \ ^   \ [\0\0\0IDAT    e9	nQ &\ | Z Z10\r\\ 8\roܹ0 \  Շ      Yatm zo  Y~\    ܹ  vv\ \ \ \ Y .u\\\ \ \ ֔_ _\ vn k\ ;\ +   ֖Z-*   u ɋ [4ϣ\ 7w   \ \ ?    \ \  \ \ 2P  M^0\ 5&   1\ u \ \ \'  O#   \ k  \"\ \ 4\  YD   T    ֲ qb\ X  8 \'*\ 4b N \0 Ӣ N \ N  <k0ةE \ hV  Q  y XȄ  ; \ \0\0\0IDATy^z Oǩ\ J)!   2d \"  ,\ L\ Z r k G \ \ R@ƅ<   \ bDM  [  F;U    %@<  \ \  wE	 8@ \0p 1) \"  ƹb\ o   ngm , 傊\Z#
y\ \  \ )& RѰ \ i !\ \ L G  \ y2\" B \ v;o \ i.\  [  ̝\ O\ J۴r  6  ܟ   W \ ٷ \ V \ ͫ & m6 \ \'  \    \ ~ \ iR.\ t 2  |^O  ou  ` \ 	\0\0\0IDAT  |   Ƅ\ \   E  \ ) q\ \  ˽  ˓  \ \ |p\ g  S 7 =z4  ` qu \\ ݍ]%Ǧ)MM \ Ɖo \n1]\ \ ķ\ $\ 3 [E\ \ \ \ \ ee  I2̊\ tR  }\ B  H ) ɐr\  E 0Xɦc-0[  C  >  <러  y\0\ 
 \ E   \'\ \Za
$c [\ \ S\ ! $ \ Ƈ %g )a    `  ` spR8`\ \ Zw^ <5  \ JA>S Er \ SQYՕK D	f8#\" s~>@x\nș@q\ R@\ &\0\0\0IDAT	q\ \ 1vk- VI  \ 2%)\ \ \   =H&# \ 0-d  \ |@ \ ij\ J   \ ,   B\ `DB Hqy\ 1 rU Ĵ\ W w  F  C\ \  /  \ ~v0   \ \ w~p \ZW  \ P:[\Z-  ө]\ ` H1  r t [  \ \ W   \ `\ H Q,\" ڲѴ<  . %\\ > ֲ\ 7\  \  8  \' } 浇\ f_\ ;9    l\0W7+  \ x  z \    \Z Umx j\n 1ռ3_ :s=j\ \0\0\0IDAT&\ )Ҵ歅 \0\n $   O8& GQh\ zǜg.8/j\ V*  |g>  *   ltX;  \Z\ Q!\"kK 2nȹf A  d  ~N\  \  !\ B \0G\ \ [\   \Z<G\ Y\ T u ʕy 8 xp ,g $g RJ Pk  >XOM\ \0     # s   \ ] gꆩ \ Y޶uUp|2 . H\ yKb r! c   \ 8\ s\ @#   \ TLj e  \ c \ \ L\'m3 .\ fQ f<[XG! ًw߹    2wt# \0\0\0IDATGn˲x  \ gO \  7 \    \ _ \    .~ \ \  
\ Ap\   7\ ݎ \ 3V \ rZ \ \n #\ m E ~+b\  \ . ) \ *v  \ (& \ \ Ív \  u^\ 鸸}u\  wgV gϫ ϖ \ p\") Ź 4\ \ \ R \ J`\ `\ \ ZIŬ ]C\ (0H  \ i  g \ 2ɓ\ `3n  eA6 \ \ 4  \ k\ #-\ (   \        Z \  f[\ h9_ x <  +w\ r  k  L\ 4 th  \ zr&Uj\0\0\0IDAT| @  0 \ !   Q\0  \ MYx@`  ,\ A*Θp {   \    E  Jǚ 	!+V\ XC\ Y8\ q JR\0G Y F  Arø  K \ >0 J2    z0 7\   \ dxt _\ M   N XU\ \ XK &q \ \ YOw_  q  i m \ <آiL  \ Ȭ  긿\ \ \Z\ ;W>  \ ] ܾ~ѹ\ \ \ ֭ 7 7 V\ ,B  n \ 9 \ (( \ \\ܭ& t z\ r\ Yk\ 	   6a \ \ w\ \ \ X(  \' \0\0\0IDAT\ e   ս \ \  /]ze\'^\ d \   \ l ޻pr   t&\ \\ k \ Ϳ rr|b  R\ ; \  ~5z     N<\ \ Zo . l \\ :7 Zd:==:  \\\  \ \ t \ r
  ~ \Z\ |~\ \ A \ fʁpB\"\ \ ٰ  \ \ _ ^ \ ׯ\ \ \ U \ \ Y+ \ @ \ \ 6?|\  \ {  u m4ho\ yQ9? \ &\   p$S\ Y\nDT׍3 RI \ & $    A j\  \ \ $J \ru\ \ vw w 7#%mc @ o\ \0\0\0IDATb +  \ Yt\ \ $I \  ,\0A A`ГG\ \0-8FLC 
LF \ h\Z.D\ \ 4M  \ R薣\   \ g \ x^ \n\ +i   n;QR+\ n \ K ܸ]  \ \ Q \  j> !92  %  \n \ Tn6_- \\ȷ/^ Uo6  \\\0 0 :R<M+S ļ\ ee˺& Y .a ҵG\ oJ |5TqX\    6 , 0 \Z\ Y\   ٢ \ \ Ϋz\ 6 \'  냁f \ H ΋ru  } \ f8
 \ V z | \ ٲ, g\ S3  W \0\0\0IDAT) χ˳CHԖ=yq \ \ 珞. Ū	uSPQ \ __,둷\ %ܻwt\ \      \ դ2Ŵu9 LW .7  U҈ \ C]R  39  \'\ `  ^  \ \ k n|  / \   \ 7{-<\ 6\ | \ \n w\ b6   \ \ \ o\ ]x \ $ \ AZG Q` G \n  5D \ j @   .x \ )   r@     1b ey\ VR
 \ Zs) s Ҍ	\ #P\ \0 \ 		j\ =\Z
\ \ #\'\ \ \ 5K snUQ $J  Tdf \  \ \ !\ \0\0\0IDAT_~   { \ \ b> \ %I\ \ e\ vN ׫P ʔ \ j{s3OZI !\'\   ̱\ sb 0XKv^ \ \ \ `p \ \ _=7eD\ r:>S       \ \ ~  \r8BD  i`:  u\ \ =>p    \  jF|S\ ^]g  \ t+\ \ \ U  \ 1 \ D   \"~v GG  \ Hu\  swa\ \  \ \'+3   x ً\ \ \ / 6 Р  [  \  \ vԺ \ \ s\"O\ {  V t\ \ r Z=\  \ \ \ \ \ \ \ \ }~ 7     ō\\    Ȱg}% -P\0\0\0IDAT¢  Ǩ\ s-y\ Wei R   T\ \'{[\ ݲ         \ b |N_\ \ j ~e\ \ `\ # Pϋ K  \ I3   D)\ E[KN  \ 8\ \0D\ y[  \ - i k5\ I) ,
 8c!x\ 9)\ `c  %JH! ׬1v v< 0\ ȥ\ \Z\0\n   D \ 3r  @    d gC&Y;\ g O   \ ~  +fǌYB\ 9  )V d]] \ Bt\ \ / \ \ \  vvN&\ |Uc kPh   \  2\ 7D -\ Ϗ&00L \0\0\0IDAT7w\ ֐\0V-    \r ,  y \ \ ȅj13` 3, 2\  z:   \ i|tf \  Z \ \ \ \ \ \ dѴfZ+ 3\  Wnl ( . L\ ?  \ t  o޾rÄi\ \  \ \\  \ \ \ \ J ,  \nBQ5\ b \ _\ vM9 \\1 \ \ hxZ  PE:d\ &   ? T \  я A~ x\ | \ \ ͝M 6 :I\ ί7~s    V - \ QUYls\ \Zv\    ˽NW\ \ \ \ x{ \  g  _| 8\ g v \ ]+  v  \ \ \ <#FD\0\0\0IDAT֍k|]\ uz s\ J\ \ \ q  ` \  k\nYCޓ5\0 B ` \ ,jc \ \ xb)poj\   4 \ s \ o\Z r\  \ ù\ \ \r! 9 d-c\  \ \ u\     M% ȹN $\  \ \ \ { < \ #3mv2\ `a\ \ TZ\ <VI \ Y DJ \ 05A =w \ `  ޫpYU I\ 2% H2  
\ } @ eI 2 U \ \ c j1\ e ( X  &$ egH )W kg  Ӳ  /c  6m\\ <\\  W_<9 \ \ \ ɌT % %\ \0\0\0IDATN \"R. \ wv\ ` ;( ^\n `  2k V\ ʕ \ :  \   \ \ ǟ\ => 8 %cP   \ ڻB,L \ <I N s
 ) V2[ \    2\ Ⲫ \ \ 㲚 G?ܪ\ \  \ %Ƀ4   7D 헋hV 
f\ $  #  \ p2=\   p\ ʺ  b%\ Ŭ Tg\  \ \ v \ x\  E	Y  Ve ;t  \  \'U\'Yf޵  {V j\ Mm\ \ \ZO 8 \ \ <  \08 8l\ \Z  \Z\  \0\  Y\ J\ ~  Œ \ri\ b    \ C  \0\0\0IDAT\\p\  K]  
dLӜ\ A\"g 1 ix 3\ \"\ :pi\ 9\0(\  \  | Y39\\o     | )eQ\    YG\ 9S \ (l >! \\{\ w    \ %\ =\n~\    +k {      \ 1 \"\ \  \ \ \  \ \    k(\   +NN  |p  z_?\\ \ \ S@kt  ~   \ \ \ qP YX\ \  n \ \ L  \ \ Z\ \    \ vֺ7z\  \ \ \   7.    GO  \ Kΰj %X`h\ \ 9\ \ o \ p A  \0\0\0IDAT\'b q T:x\ h t  \n\\(\ \ 
 /_p>    ֹz\ ֭ ] \ \ G \  \ c  t   W\  \ \ s\ J\ 2ka 2  \ Q  y k]Q, v Y \ \  f w\ ֟ \  u\ j  :?  \ \ d j  \ / ^\ igF\ nNeY[[ #\ } \ \Z \ [C( \ `Sr  ! \ \    ^ \  d\ rQ + n   yKq8GB:  \ { \0 *XK shݹ \ 0\ bA&#  { \ \ \ G\  4a Gky	 \ lnnnnsa\0\0\0IDAT  \ \ * `( eY > ¬\ \ \ b \   \ ލ\ \  \ `\ : U \ $ \  X\ mS/\ v v  5`V  CZ֕o E	B2΅\0%m SY L   3 f\ \ VL j   =<  \ \ , kA\ q \ ΍\\ \ ]] \     \     ޏ \ ~ +\ \'  D \'   \ > \ dZ@`\Z 1͊  D* \r_ou۶  Kc  _\ c .e K \n R 8a 3͏\ E  v   , 5?\r \ T \ x r . %ܪV\ ɐW\ (\ 9  \ c I]\0\0\0IDAT p \Z  [\ (V g\ \ ˳\  .a  PUk\'\ U\ l޹ ڭbr  fes\  v x}  ͊       \r Y\ \ZƘs  ֣Bq ))!r <M \  ^\ZGE  kF\ \ L(.c\   \ \ y ;o*  s% \ 	F  \0  yT   ( L  *\  V. J -\ 	4\ T V;\ \ q̅f,WQ7IM\ \ \ K^%RI\ 0dR&,\ K  \  HH \  i \  \ \  \  2BoK  sK  C Z d\r\ A   \0LiC 繮8:ωe:M   \ F\0\0\0IDAT08S5 *j  1  \     \ l\ \  	 \ 1y\ Tf\ 2׷!\ OsH  A 0   \ OJ  $jD6\ &   \ \ *  *\ \ \ 
  >dk     +\  <w\ \ ,Ȟ\  ~ ګ  jD\ 	t m  < |<=.  \ \ \   \   \ ٴƮ ~u  |  /       ~ i%$1     &` \ 0\ vH\ \ .\   || \    =    ml C   \ ߆\  } c\ b    \ JyB\ g\  ׿ \ O \   \  7u\0\0\0IDATއx \ f6&   \   \   ]͟Ӻ\ \ |  \  \ >  ~  \ aw -=~}\ -yk.H\ oj\ W WV\ { ,  ʆ \  \ S DF\n  ~Ȗؐ!\"c  l i겴6  0\ ^\ T΢\ 0 l s6iEɠ\ h  #@\0F  \ `  R  \   +A\ ׋ \  O  l ό\ ]}u  \ æ  \ \ Q\ v  {   \ \  \ ]͓\ vch&uL   (\  x \ 4 #* Q\r J8@   *; \ 4
 ,\0\0\0IDATD=\  ɇ\ _? \ \ \ tN9\  a0  m \ \ p\ Id:mBX uu L5w v\  \ XÞ ~\ o \ \ \ \ 1 db ?\ &  7 \ ]\ B  r( \ hl\n ?w  \ ~\ \    |}   \ *&\r ϸ   F wU\ ^ \ _<:  w8 ӟmni ]s\ 0 l\ } >9a\  \  <ոY󴩮\ \nG 7vq2 \ >H \ o \ \\   = P-  \ \  ? \ ϟ   \  7       \ ɟN\ Go \ / ۿ \  \   \ \\t׹\ P  N,H\0\0\0IDAT\ /\ A׮tdˬ \  \  !_  \ F\ \ :g- \ 9;k  \ R;\ 8    BDr4    M\Z\ Ե  j.[U  -\ S&{B$&   ,\      \  \ uC H\ 80vXLy \ :gL<,\ / \ \ ]5     \ \ 4  G c* o\n_ (ޙIS)#bQT\ 8n\ Dܰ[ \ \ ι\  <c\ \ZA5G0\ M5?  \ ɼά\ \ ݁n\ \   ~w O 踪j ^\ o\0 R \ !\ \ \ 9 \  . ]  \  \Z(\ z\ =\ ( \0\0\0IDAT} ݛC?mw   N  Ѥ9i 4ж\ dz\\\ !  ߶  \    m\ \r!\"  \ \ * :\ \rBj\ T,\  \ ۰\ H  &Ӯ\ ~    ? \ ?   \ w | \ \ j Z  j   \ ՛ f2ݵ ۫ݽ \ \ ަM\ \ \ `,\\1/  \ \ _\   \ ӧ \  f >  9{    a \  ۛ B  \ \ \'a44\ ؍\ \ p   \\  a  6\ U !P\ 4    (Q \0MV \ \ \     Pg \n &g p\ 0 FI s!  1 D\0\0\0IDAT\n \ LLH<EB`%r	 0`1u\  \    & 0 ϛ o///尯( M pL \    \ \'   ^ S|k? h \0P  . S b*   \  \ xּY\   /xNR\'T69L , \ ͸ \ ⾕\ 09   \ d^fߧ Iu ]\  a 3  v \  w׷1  \ z\"E 1 ) \nc&\ \ \"   >n \ w    \ZO \   \\T\ 9 f\ ڀ\ \ \    \ o^m\ \ R)+    :\"o\r 	 \ \  <%s \\]\  I \ \ \ ~v\ _\ \ \0\0\0IDATq ᓓ\ \ \ \ >}6 \    vS{<: ^  \n  Ε\ p\ u]  I\ a Y\Z0  k  W;7;=  凓 ?\ S  #`\   r  \ w\ *^\ Sd\ lcYzeP 1  }\ F \ \ KH9   c?H.
߷\"vl \nfAbGƧ 	r\Zb8 ؍  + + B \ 5MY   $  b\  \    < -M۶ TT\ <B\        0if
$㜟N\  U<5ꘆ,\  2 x\  ƛ  q\ a Ƙ  \ tq \ w\  C  p\ bo  tK\ W\0\0\0IDAT \ ]O\ \ ӣ&\ lsa0KJ\ \  1\ Z\ [  I\ \ < 9H r9U\' t\ \ \"άMq{ \ T\  \ \ \   Zgq\ oo  >  Z%UI*\Z$A z\ *  ] \ 09     Q \  c: \ j\ \ v\  )   hLY B- \ ƀM\  h gO V  \  zk} 5\ \ }\ \  \ \          \ ~7 m    Y  :9 G  㧈 \  MSmC7vC  \ 5 F2 \\ \' Yc\ C_MTQj6 \0\  v0\ L  z z\0n\ z Ҝ  [ׅ\0\0\0IDATY\ 
b\ *L`\ :\"\  VS    <\ Zo]  I \ \ Fb\ 0Ǯ a8   Δޫ 1d cc3  \"C&\ d   h  )E\ \0`   5Y\ 8SMкbvZ\ N\ q7 y\ T% Ib    ||z|q| 1O Ӻ S o            } ͷ\ g f º ĂPZc!\ n   W w]\ sB	\n UG   \ 9 \ Ļ \ \ \'s 1  p \  \nA \ \ _ x \ \ \ \ m
 \ \  [g8 ]L\ X 3\0  Qd  \0 \0\" \ .[ \0\0\0IDAT  5\0 U A5 h BRJaQM39s\ ))\ E \ |\ 6( A ~\ \ G \ \ Po w˷9 vyH (ʛv ëW U    d2 x  Hv\  џ x\ \ = X\ \ <>  | \ \ ~\ \'N-\ i\ \n, \ ) 宋 }?  g -\ +  , \ \ Q  է  6\ z\ 8$	)YԢpY iP2 zc  5   2**` \ X&S    %%UU  A Id2Yk Y `\ $   \ 4c`\ c\Z o\\U /\ |\ \ \ \0\0\0IDATl|7 \Z\ o v  $ 0 \ r  ٓ_  \ \ d2{ 葄H =y 퇣\ E;/__ \ L IΚXU !s ڸ ;.\0 \   \ ;\ Y$
\ 3 ⛻̝ \nV  \ )m \ \ U 1  9  \  jyr \ r  ko\ O r6;=9w\    )*   IXѠ \'\ \"\ZrN    I\ a\ ˲$  )[&WSQ 3@  9 \   G\  0lW m\ )\ X\ 绮\ ! 	   jʢY   v\ \rQ  \ 9\ \ w 	Q \ \ 0\   Q\ \0\0\0IDAT\  &b.<x\ p  \ f~ Y\ #dR \ \  9 ﶷ\ Mc  \"УG  X d@\ s  -ڬyR u ٤   @`@|\ 26\Z2h\ :N  \ ᣓ b (+O\n  \n bʄ   \ u s\ >\ \  @Y	\0\ CLOR  3QIE\ \ طΰմ]^ \  \ RF̙ \ \  T = 6 \ J\ \ ;???w6\ t  Px \ w\ Y \      _  > \ g\n  	 \ \  {_G\ ̀\ \ XIΝ\ \ l \ !\ /\ 5\ \ \ Ȓ\0\0\0IDAT⽟ \  O+ٮB \'e9ofgE=\  á
Bh\ \  +B 1\'A4   U\ 1c\ ( 4 f E4  pq\  ]k s\"(    \ \ #\'  oWCΕ   ^<9  \ &ԗW \ a  \    M7  ?  n\ .w n 8\    / X W  ư \ ͳ    ¹FMJ o ֓\ \   \ \ 0]S\ \  %\ S  ײh* v :@\\Tn \ _ /N  4 γ v c?\   )
B 40sݔ\ bҜcF&EÆ Cd%  \ q* .*r9   \0\0\0IDAT< N\ \ Zc\0Udɚ\ D }[  c \ \ 1>    6   \ eU)\   1:[ F\ v \  ܶ\ ˂%   0     \ \  8    .+D솮;  /
\  w}L \ \ \ o 16\ __   \ rc ;9^<} |  8- \   ڡ#[  \ \  Cڮ  q=lׇ\ \ \ \ ~ \ ?Ⱦ \' \ \ :9 \ \ ]nƐy\ 	  j h, \n\n \ 3[T 4 sN \ ֱ#d 1) \  1X \ D 
\ ECe ) \  \n \ \ \  K-M\ \0\0\0IDATv  2\ W4\ \  Y6\ ->:; \  \  \  b}  \  pq27ƽ{ \ \ \ _ \ _~ \ W \    r    \ /? \ ٳ  \   CZ \  > 8=}  \ \ O  1 5\n \ ?{ \  \ \  \  \ ݻ^\  YQ(\ \ ,\ g \  ~ 8; (q\ b* \ \ \ \ t\ \ :cQ\Z\ \ \ d>?>9 ] \ 7 !H2     E5g\ *\ \\0EY  p8t\ Z
)# \ 8J 1Ũ@\ z  D   pNd  \ \ 0 \n y   X\ i 2ph1 y\ 3C xX\0\0\0IDAT\r\ µ  \ \    \ ՛\  \ x~T  ,뛛  (   | j \\\ nh  3;ɂa   i^\\] \ ۿ z ؆\ \ \  珟r \ 㓧\ UoǸ\ [  V 0\ \ R $\  \ \ \n \  vݭal\ w \ \ m\'\ \ C@ MQ\ ɔ  dؘ  @~H \0ه\ &\ \ \Z  \Z.\ 2  Q\ T   o :\ - #eC\ Ss  h  {5   퓋ӻu   R<\ + \Z̸yT\ \ \     gO\ ~   \ ݽo\ ǧ\ W   \ 
  rj/ ~3\0\0\0IDAT  \  \  \  Շ\'ŏ?y ŷ\ \ s  \ h \ ˫ \ \ \ OO\  dl /J.V틋)  7\   F8 \ } \  \  /q Kzz \ \ \ _   \ O~~  \ *\ Ӕ 1H   M Ys  CCMQ*  ! $\   v\0KU\ \r\0Ơ} . Y- \ \ t: \ RR5  IM u & 1 Hp\0F@\ 00h\ 9 \ A   3 P Z  ì)h,\  \ \ \ {   | k  Cw~r \ \ | \ \ \ u  \ \ w\ \ f \ U \"`  L>| Д\n\0\0\0IDAT\ l ~    h\ 9  ea\ {?   \ r    & \ a\ l\ > 7 P_ \  \ j r D\ \0 \ dǚ\ )\ Ԏ  %k\\\ ʆL\ 45 !\ d\  \" j fH9YDH\"\Zz \0@4 &E   b.E\"eETD     \ yק \ X6I  \    ޾| _\ (K\ m n߾- gu}\  O\ I\  \nk<\    \ \ g  /&%6Lg 1    č  ңB[D\ \  m  n\ 8w\ \ s lw \ ¸4t a Y *g\ \'ޫT    t q{ \ 4>\0\0\0IDAT  
S  S l W\ $B 9Z\ \ kV2d\ zWx \"2t\ ~߯\ \ a m  @ \ \ ،0 \  CF  2  ܇\ ? \ \'*Y \ CDZ H\ 1 4  󬤼 \ 7& 9\ UՌCh\   \ \ u\   -..?{    w ^   } \ \  \ &%  P[(-    | \  \ x1/, / OOgOΎ ® 7 ˥ N\ 6/W }\ 	C\ 8 ^!\ a $2 d\\  z!*s3D _N& YU׳\ \  \ eYVU3i IYޗΕ֔\0  \  \ \0\0\0IDAT 8.       P	\   Y%# Z#䭩f)I	XU \ c_3l\ 7˻]  D\\Y 7\ \ oކ YM7Ƭ& ]\ :vM\" \ . ۍ - i   ]H\ c*24\ ^\ \n\ \ \ V\' P [\ \ ธޯo \ nC-\ [\ \ @2&
 w\ \ \  M <\ u2 \ \ W   ER?ƶ )ky\0 /\ .˲.\ \ \ \ Pi 7  cSJ\  &\ E@EU\ ;[V    9\ cJ D a\  \ ||n t \0 \ 4 Y  9縹 ќf6\r \ 5\ \0\0\0IDATNc PiU$A gӾ   \ ~\ 4Ϳ       >t o_  \   \    kG\0\ |\ ,s  \ \ \ o.A\ ɣ5\ \ \ |q4)HX\ ؆  \ \ .ޮ  Iq  \ \ \ ^TqH cd$\ .SDD\0  ĨY3YS %22  \ &UՐ \" @lMQ:\ \0b\   .   w  n Ic  U \ {6 Ep	  	Q \'D\ Ƞ \n\ $I\   \ G \ \ 2Va@\ } կ?  \ v v{  *\  ;\ K0 (\ \ |y5 O \ b ņ *6 v .X \0\0\0IDAT\ \ \ G >9 ˛wE٠-    > \ \\\ r  < \ ߷\ZH  \ ݮ  \  \ v2/n\ \ x\ ]nTLs jHV 2e=       Q @ 0+ u\ {_\ @\ Y  8 \ F\ W 8 \ cNH   %f*\nW7 1U 1 \ ۡk]\ 
\ 	\0L4ev]   (EDs&P\ \ Sc\ H6)g ǧ  l Y} ݋C\ \  \  ,\   \   | \ ~  ݮ 8d\ m\ \   n\ Of uU}| \ z >: Y˫\ 7\ \ mF \ \r V  \ x \ \ \ \ l )M  \0\0\0IDAT\   \  SI & ͚D\ Ht1 f   \ ESGGGU  \  \ \  <ȧKg IQ\  \ lz< Ԟaͼ[\   2 u\\ڲ \ \ RTT    jN   \0\ ;Q@m  P}\ {   \ \ \ZW\ 7  D guF\ \\ӹ+|\ l\ 6\Zi 4 =:; C\ YGͤz \ b Y-\ \ O  | \ \ w a tr|Q C\ =\ \nש, \ Q\  K \ \ ʣ\  d yw;Z\ Fau\ 5\ }  \ YY hj  \   \r1  YؒդAb ߖF e \0\0\0IDAT 0\\x\ LyԐe L\ ! Y \r0  \ 
v \r+qQ Ǯ LΔ\ C^ Ϭ \ z\ \ \ \ \ اq   @ 9 8 l\ ץwG gc . d \ \ \  \ o \   \Z\0 \ \ \ Ybϫ\ ~\ #\0l  \ U Ҭ)    \ Nl onoA\  ݛ 果\ r\ vs  Ms< ϟZ }  eUX\ 9mPH <P r  \ \ $\ 嬞aq4999 ִ  n   ]>H툈#C\ )g    Ӌ 󋪪  ɘS   1G Fj\"睳\ Đ \01 b\"EUÌ  4\ \0\0\0IDATLF9 ) d\   M\ 4M&N\ w\ \ JwvQ\ a\ A \ 9 \ \ Z \ \ 6  E @\ c\ E\ Z\ \ Lf z:)kb  U9    \ ˫7w\ \ q1 QsY C䫻\ ~  \ ۗ =: 1;6 O \  \ _\   v  ≌ $uI Ri   Bp jRbc  f  \"\ \Z\ \ ZR\ \ \ ;   \  b2 \ \ O\'uY  \ :t I g     |` W3 T F\ C\    \ 9H \ \   )f  0(  }\ \ ؎  6I\ \ W \ \ \ ?\\}\ \ Zo 4  m \0\0\0IDAT 8 E\"R G  c:^L      >frw\ e \ \ \0(dA b\ n\  Z6 D\ 	\ >\ 4*{\r ڤ\  8\";4  ?:ͤ Y\ $ \  \   \ ; d8+FVT   \ M؏\  \  \ r2   ! \ 2\Z  3YD\ \0Y 0 E( \ =ZɎ9\ i׍ +\ T 2 +eMck\ 9I  D$Q  _~  ߜ_ _\ \ \   :_,w   Eq\ w \ =^\ Y\ w7\"Wvׯ
\ N \ wo \ ߽ \ O dwiu (\ wޗӁ = 9k\0\0\0IDAT \  \ S3 \   \'a\ \Z7!g  =)aT\ZC\ 8&\ \ \ \ B @U   !f=9Y   3γ `\r:\ -   n\ \ y ͫ Y\ \ =1j\   \ \ 9g-)\0 zq \"\Z \ ڠ ($D\ !\r  | \ # %\" Əad \ 8*\   n [D<    ߟ\ g o^  \ \0ɰ itƚ \ \ ٣G     ny yq 뫪i 11\ }jsk\n\ Qڱ  \ Mg   \  >v) r a \'F\ zOj iUUǋi] \   \   \ \ 0ɃwP  \0\0\0IDAT\ SQI \rHBdO\ vu z\ \ ES  o\0 (pH\ \\ \ \n2LlH\ I \ B\  \   \r cl u\ EKG        & \ -f)\ \ _|\\< \ \ ?  \ 7 ߼ >>=  &e \ $d\" \ \  > \ -  \ p 8G,  q _]0\ \ \ }?VU    s \ ㏟ jB ztrQWGF2O \ x`R!  FK ( \ 0\  \ V) %\ c1g\ \ 9%)  1:+\ bRL R\ 0    il\ \"\ ȌeQTUe]\ Ǯm  q! \0\0\0IDATj  (J\ H! \0` \ XO \ \ j C   \ \Z<  \ \ z   g V \ \r1\ fRϦY\ _  ,˲i   \ g\ \'    \ l6\ \'gw˛Y\ Z	]gќ ^  GV\ /\ F,BD  \ !fV \ XcЅ\ \ )z\ ׷  q    ^| \  a \ A/n\    & \ ̅k zA  \ tQ  \ \ \ ߽\Z  ϖ\ng  \  1hc\ a쪪ڶ p( 3\ \\~ 9: ß    G  1	*И  !BV\ l@  Ȥ\ fB    \r\ U\ b Qa NZ  \0\0\0IDAT \  ?\ }  \r\  f\  ΚW_t  \ . -g X  > ެ }V\ ]\ @ :un7\   ]+  9 o_\ u   \ /wMM   &\  ۥ   \ \ v7  ]{z6~ڍݿ~ ~4 \ f7fK\ H m րavlHF ô4\ \ \  ۴\ -{㪢Z̪OޛNKk  9  %\ \\8\ 1   1 ,k &v) lJ;\ HƖU z\ A&U\ \Z\03\" * ) E \ h r y\ \02h\Z  \ m    ,W   \ \ {W _    O? \ \ ˲>  v [ \ \0\0\0IDAT }  \ v  ly|t)o\ \ |  \  \  !\ \ \ \ 庍9 j e  bʊL  D r  | \ \ ?   (\nM{vD` G l \ `9 N&    \ \ 4&PL!U ] 1   >9|qzֶ M \ ny߇  !t=1o\ o    g\ 6} CpYD@ \ \ \0e  0 a@  M6ԅ0  \ \' I\ o>_  $ F(c }  Ma\ \n\ \ h~ mq ލ   bd$d  Ѡ0e\ ,j\0 I $0h (d G \ \ c\ \  b\ 8\rrqƬ\0\0\0IDAT  2t \      cBeo2 5  ᦰ \    L e  d\  \ \ \ \'\ \ Y yl\ sDD\0T   >\ \ $) 59I\  \ 8\ p(JOD!\ #KB` \0kUT !@\ @ Ę 0d$k\rfF\ !d  \  ͫ1\ G G1\ _ \ W}  \ ~ \  w w  O ty   O\'Gǋ aW\  \ \ \ \  by{s\ ZD|r \ \ \ \ ~  +ʨ \ \  \0 \n RPД\   \ OHc     \ P\r`\ X B \  NkVY  \ ] 5 <s  ǉ\  \0\0\0IDAT  k* ? \ \  \ /   ? nl\ \ 7\  \ ? ˿~   \ \  bss   \ \  ?	9\ B  $B  T\ \Z~\ \ \n*  F B\0 D-   \ \ I]  \  \ |\ & :\ \ G N\ \ T\ ,. qs h \  ,  5
W G\ \  >\'Ry\ $sHYs&C̨\"jǄ  \\\r\ FU\  D\ 眙  a J (k\ 5eC  \ \ R :- \ ѴrF x4k \ Fk\ \ JK ) Ɯ	\ z @  ݮw\" sN1#\"(\ a) fBP\ \\L ƜS ,ϗ\0\0\0IDAT  !\ \"\"IT  j  Ɏ( \ p\ \ \ \Z ص	iۏ\ lj    ? IS\  w\ 1^ \ \  \ _\r\0eYg\ áKY ={ \ \ \  \ w\ M& b  O\'MU P$ \   \ SJ1B \ \ \  E    D qH  F\  \    } ju}\r9Y\ , cA\  \  \    \   \ \ ?a\ 1~ k7]|}  mی}  \   \    @ $I R\ D\0   @  , ( \" \ L0 N U   \ \ \ /oonʢ c b2\ E \  $o  \0\0\0IDAT \  ~p \ e\ \ 2 	5_5\ d\ }\ \ \0 \ Xk l#  \  :Ѥ  ʆ-\ O    \" #{ ~ I\    e4>C.%  \0  Ӧ,
\   Ť NJH T\n     EQ\  a  C\ bfk\"  *CS!\0P 9 l %B\ *\ K\ 9$II  < t%EM R  4e	  =IG	\ ~ Y\ \ \ ~\ $  p2     , \  \ /  _ov        o\ \ - ~ \  ~ \     (  \'u]\ 6  \ \ \   
1 6Iǿ4\0\0\0IDATE ̺݋&\  !\ \ ɏ K!k k  \ Υ\ \ .  Q)!+\ )  |}uyخ  \ @\ ,¼ &e \  \ O\ \ \n\ \Z\ -\   \ yi gsrE    \      0hNA$%`$  Y3<,  @(      C  `\Z   g\ \ W2 E]Ƞ Y3 m\  Խ ]wT$ LY\ eC f E @\ ,H  1c&2ւD H`   \ V X\0h\"2J b y 1  C+)W  \ CNuaN\ լ 	 *   ʫ`   p\ 9,, X P\0\0\0IDAT\ ArC 0 攥   \     [vC\ Y !t m\ T\ UQ\Z 1d\ F眱EQp\ \  \ \ \  \   Ys  \ \ 1  q [ X` 8:* \ |歟-N   fR \ \ \ \ b DƘ   \ \ ] 8 )UU\ \ \ Ξ?\ \ ]c& 恋| x   ۗ/ 1(S  }    \ w\ A  \ {~  \ (\ \\A. )\'9GU  UP\ r\  b{ج5\ \ ~\ 5\ r2 ,M\  hR w~  MI!\0\0 %< \ fU\ BH  hs ~ \  O\ gO @0j (\"\ G \ \0\0\0IDAT)BL\"d \0	 \0\ \ 88 \ \ \ \  m\ Z: ]N R    \  ;  \ cN \ \ 
r F\  FI%\0(2\"\"0\0(    E )UDU  \0 B\ c v\  
\  (1 \ \ \ zV  \ 9; \ f j  -\r P=  cB\"b\ c ilC\ \ %+ \ C T\ ,\ \ \ vI 
y41+ ʕI   EU8\  1\ n	   sJ  (\ L   
\ x \ \ \ G
#yR My  u ]\ S  |:k \ z}u \  \ e\ [2S\ \0\0\0IDAT \   ! nU \ 訰 \ ۲,s O߻x    gχ  \  {  f Y\  \  \ \   Ǉlz  \  9! ecE  8\ 
.
~ \ K\ \ jN JR %\ 2       \ 8 \ \ tbD\nԨ 1  \ 7_ >z\ -%0ĒDL`  D  #* *4    ^  0 L5 IBD \ } \ \ \ \ \  \ O\ g n s.\Zv\ FˊJd(  `\ afy   L ,4  \"\ \ \Z\r \"̆	 a     C 7\ \ >YL  Ɠ;  \0\0\0IDAT;.  6 s.\ Q%[ (  \'\ \ 9 D Jα c;\ \  \n\  ¹ ? \"\ lQO\' A	   \0 9S \  \ ʀ\ eeM   Z5  * l\ (\ @ N\  N \ N \ ^    \r! 2J M  \  \ \ \ j \ хs  *4<    m)\ /\ \ \ \ J\ \ \ \  \ \  ~_\ Ň} \  \ xs  \  \ \ \ f @ \ \  O/> Ѳ\ j5
(Z\04H\ (*  \ \ \ \ K$ \ \ 8:\ f \ \ f3 \n\0\ 8 \ \ YQM) doME ug\0\0\0IDAT[s4  |r  \ KoH sʢJ lMNH J m    \n\ p4 x \  [\ hbΆ   \  A|e}ws} <*X  z2 mἭ g I bH\"b 1\ > ;T 312ĐIE y 
 h&\"BԔ\ سek \ \ ;    \ \   i\n[\  \ HD   b\nc\ D\ ,a }F   `\ 4 F0\ 8\ ܷCo f\ !  \ K RI@  RȲ\ l	 ,\nv\ \  PmV\00\ UC]\  +J [@ \ fᾺOڶݯ    \ m  \ D\0 5 \ \ \ |\0\0\0IDAT\  e \ \  ]\ \  \ |8R\ H  \ (\08 \   W xQW \ \ \ g\ ~ \ \  \ ~tz   h2 W\ t \ \ .W/^]~  % ? \ l \'\ 4i \  ^I\0\ % \ 8n\ ` cgM   ۮ  ,G\ ) \ \r}\ 4󣣾ݑA%͊< \ Xj f> A > \ , \ Џ  췿   jT\ \ - + \   Ơ\ \ N\ k   Ǯ  fs v\ q\  #jb& ޵\ > I\ u\ | \ ~ _   s\ 9㜵FP\ XB\ \ f~ * \ \ \ \ \ \0\0\0IDATcTE[x}h+U\ I \ _\n $%D   \ 0ulX  \ x \ N>~\ \ \ b\  y  %\ }  r\ f\ j5 C\   D \"# f\"  7 \ a     z \ n
W\ Ei\ 朇!c|Y   8 1& !x\ \ 6\ }\ |ݔ\ @x\  cD\"&2\ / \ #\ \ \ \ \ \ -Ǿ   \ }\  R6a Ĕ@r  R\ \  9gA\ 9\  Q<H \ ~ \  \ Ѵ ʳ  \ \ \ \ | X,  n/_   7/^ yG\ QQ \ \ \ \ UO\  \ 6 IXS  Y2ʠ\Z\ \0\0\0IDAT\ , CN\  = i8d\ \ \ \r\ ,)   \ \  \ \ { r>k \ \ \ j  _ c \ \ V    4\' *  \ \       ̂`!B\"@@Br@lJLb	\ Uڴ\ 8  )\'\ \0T\0	4\ a  a, 
  \ [\ \ A   !c  /,3wàJ   \ ( P \ ;\ Č   ޣ \ \ \ \ # \ { ?xz2/   D 2  HUQ \ 8 \ qΉ H\Zb\ 92  T  h6 @h   4 lj]=_\ \ \ \ ݾ_ \ q4\ \",t \0\0\0IDAT 2d O)  s\ [F\00 ,XbkD jBR\ y\  \   7\ \ v \r\"  SȎ\ Zb  \"    RB&`  \ H!\  Т \  \ \ {o )  ~Rֻ \  Y    \ ݡ\ \r\ \ \ yt }_  mc w2\  C.K?ȚB\ZYiR  \ \ \ v ג0 Z \ a  \"m\ \ ]\  /      ɏ \ 7_} \ \ \\   ͣ\ fG\ `x\ D@ D  ղm\ \ g
[ \ D خ;P\nI\ YbK \ #\' 7 \ ʒ \ 
f2<J\0Ö Hn\ \ \0\0\0IDAT s\Z0  \ a2 \rxc w %  !  $@IS\ D\n\ *\"2D    \0WY D4 0  yZ \ \ \ )H\ t\ ߻x|2c͉ JJ) 9&V\  p{ 5
h \ \ ) \ [cjg- \ &\0\ 	 hRPUA@kʪ\"   vQ	1K\ \n  8 9\ qGo 1pd˘e   \0\Z
K c \ a}T ) tz   ~\ lV\0 \ D
䭵̢9 A ? \ \ Y\ \ \ ̳|K} ܺK \ \ \ فpHE  E !KtX ? \  #l   \rL \0\0\0IDATᰟ  d\ RX IJ6	\ \0	 3\0 fz \ oߵ\ o=\ d \ (\ sݺU_\ \ ̓ [ LbDcF\   \ O>  W | 7\ ;< rq ڜo\ mLr \ . nۇe3D   [ _ v\ br  4H\0MhY Հ$M  w\ l.    \"Jj D!c\ Xk   s\ ᠪ   *\ \"˽ \ \ \   X 08GD1%\0 }   j\ \ 5 \ 6\ cJ h	\ xA Ɛ! \   z}  \'M  UTPK\ 
K \  D , |\\,\ \ B\"j *9k \ KT `\0\0\0IDATa\0 \ [ \ LS\0!\ ݨV@@\   x
Ӳ }c  \  \ (   \n? eFz I1F% !iATCQ4)DQ\ 1	\'   Pq\ a\ ZEg00 N\"`\r\ \ \' 6ĺ S \  µ 5\" \ Nk\ \Z\ \ Z K\Z  G\ 9,c}U\ +Jby  \ \  \ \ r  ~  \ \ *X B\ 8%VN  pN\ *  \ ǧ/N\ ܹ\ \ ,&\ O\Z ҽG z \ u \ j M\  \ ? \'\   \ >  \ e_ f 1\ \ s\ lB \  \ \ \ d\0\ f_ B\0\0\0IDAT9  \ \ \ jeE   Bfl       ;  7   \ l: \ {\  ~x\  \ \ \ M\ ( \nhA \ Y   u>&\ \n\ ;J b2F\ H\0JD\ zo\ \  \ W\'/F 5H B l&\ \   n W    o  M\ 0(  `\ *9\Z \ 0 ⨨  r\ !b  \ \0  FI\  \ \ \ \ [G\ \  \ ^\ 3b \ E )\r!1{ )h  1 \ Ը \"3I     a\ n\ AD\\^  \' ։\0  %\ T\ 	  \  	 \ }\ u C@\0\0\0IDATC\ :\ \ ~ QYRJ  \06v5G *  r \ZC ] I \ \  \ \ j f# \   \ \ ⣏  @TU  4E BY   l  QE\0AV|    ٓ \ \ sgl\ \ \ \ W l^l VA \ \ kw\  \    5    \  \ 4 Nn  \ W)vۺ `$Ę \ yc\  H  	AD Q 5  *\    \  \ \ \ \ \ <\raZV \ ߘ=_ u G\r) b
\ ~TV   Nz0\ \ \ \ \r s F\ )c{C\ ڲ u є t  1\r F .\ u\0\0\0IDAT+ 0 B\Z֗g   _ \ \ d\ \ \ 35 R\   	 \ HUÐRJ\ @DEV\"bJIX% \ \n *\0 \ \n1 & \  |2    \nC   \Z@rƻ  0tQ  ϲ\"\ 
@ \nm\ \ \ \ {g \0p 0\ gHE +*(   b\  \ \ < }t. L D\ \ \  ))%ADg,\   \0\0lj \r;N u!l7ϯ6 \ \   \ \  \ \ |<b
ꜱ\ \ c\0@   \ eY m#\n`	\ c\ |~ \ \ { \ \ \ ٴ\ fSI\\V  N \ \ U{\ | ų&\0\0\0IDAT\  \  } /~z\  b  (  [_  \ }ワ\ 3 \ @\ ;j\  \"s\ \ E   X1\ ()Z ,  0FS@n ýd כ  \  \ q\ < d\  1 q(&U rvy d  I0\  \ h `Bd ƤĬ\"  i$Tuh   8    ֝\ \    2 ck \ yt
׫\ \' x|pd\    h|p W\ \ gΪ  t\ \ \'   Z2\ xd`  X$   \0  \ W \ 3 y  8 I5\ u-  \ Z 1Z\Z  m J) F Ƅ \ ~ !)\ 8g9\0\0\0IDAT \ \"3c ˭   (G \ vb)  ܬY F.2\  b lsC\ aH)\ ˝qƘ\ \ j W@ 4 \ng} ݦ <\ Ο  7B6a \ \ ١\ 1pi} R \ZM 9 v \ &Q0)  \" `\ \ WcWm7m  f\ C0 JĽο  \ |\ Ko~ A \  \ \ \ O}^ \ \ \ >\ G\ ެ \ od\ l \ EO\ Y!    \ \ >\rC_# T  \ A@\ @]of#? L  p2 \\^  \ Eg\ z   g  |zq ` \ S\" ;\ y$ \ AR\ (uO	\Z\0\0\0IDATJA D %   \ \ e\ ~ ÿz \ \ bPkw\ U}J \")%\  )x\ ^> ? \   \ \ W\ \Z \"w΀- 7\ \ 7g  E16\ MH,1e\"\    (\  x5dH A5*f\ qY ԯ     \"h \0,	3 **\\ p \  \ %T\"F\ 0  \ d\ \ 3Ԩ\ =\ 6\ \ 6 \ h\ T7 (H\ f M1 H  侀\  \ ;k ulŰ L\ ]]\ Og3 O >  /g&q d + \ f\  \ a  ɂ   C7\   .f~-ZM  \ ك  L \0\0\0IDAT   Lf \" !2e `   MR\ vC   ,˲ \ }\  \  䍷\ +\ Ӄ\ \  \  V\'ώr\ \ d \"7/\  \ _=<~\ \ 7\ \ | \ \ &   ֘l:*J  \ b\ \\4  \ x\ 4C ֪\  i    \ \"\   GX \ \\S\  0\ \   j<z \ Em\ \rѕ{o  \ \ \ ! ,Hۦ  @?0 )
G\Z  K\r\   xԼ x    f%}g ը ) \ l\ ,! \ , k\r . \ p\ 5!\ \ Z\nL\ \ \ \ o  \       M Fm\ c+  \0\0\0IDAT V \ u,}l   I:\ V˚- \ \   S \ \ o  \ \ \  ܗ#=\ x M ˊ\ zuzz \ q& `r\'] <@\n ɵ-//7\0 f     (U h \  \ \ Ip\ !Q\ \0\ \ \ M\ n7\ Ab\ c\ \ \ sn\ }\ \ \ (\ Y\rWϟ\\>{쥱#c \ K  C 12 \ ] \ r4U` \   x0\ { \ \ \ B\n\   !\"C   + i \ |\ \ ~\ \   \  \ \  \ \ \  \    \    B \ w   ?  Uv\ &  h\r:\ # m \0\0\0IDAT  | Ӌ\ \ gw?  7    yh\ \ aqyz ÿ \ v ؛V\ j C  \ ZAY\ \ i\'\ 4 \ \'ϣ fh6\ \ O \ \ \  n0H /   Zk\ \ y\ \ \ \ f\  }Q\  C׬V\ b^\ \Z\r\    \ ~i닗\ >   ki ;[yc\ Cj  \ \ Yf\ a b %_dY> (ۥ\ ~ov\ \ {G\ 7fUe,  t\ $u  ef u-a\ \ @i/w \ \ 4l& Ns \Zc\ g  ^ 3   R \ ӫe1 \ {ʜ eJמcFH 	 TIY 	 \Z\"\ ͼ Q\0\0\0IDATBL! Ч\ L@  5  H VB軔T \ e 0\0\0 L ; (UP\ v^QG{\ v :[\\4\ \ \ \ Ӱ  9+ .p\   ܖ\ HH u\ m(  \ u?4}_!\ { \  \ \ \ O\ f S\ \" hv;]P\ 4 \ \ y \ \  \ 飌  [   ʯ      ٿ  \  \ r ݞ  N\  ̻>   Λ  r ܾ _ {  > \ \ \ \ G /NO  \ zSf 1\ 8S \ ,\ Q \  \ \ \ \    j| Y, (\ G>ߛ @\ j \  I \ d.= \0\0\0IDATT\ \  t: SGZ{  \ \ (33R\ } \ Nb  | \ ѓ   \ ?\"` \0~     ɀ\Z ))& \ l \     \   ; G Mn7n \ }   6I\ \ \ 1\ \ }\ 5 \ \'N\ i\ \ `s\ )Q\ j\ \ _=} \  O*km e  (G\ d pxc<-SB%09zLL\0^ {  IT$\"&   x \ L  \  \ } C\"\ ̻[ 3  PT      k    ?  \ >    \ 9\ \ \ nΈ  4]G  )W\ \0\0\0IDAT\ZM  \ o\nL6 yyz \   O\ \ se &S   hvj  4 \   \ \ W  tr \ \  O\  + \  /\'/ \ \ o x     @̐\ ]^C zq~ \   |v\      \ \ Om {\ \ 6CdG\ \ \ M \ e   \ MJ\    (w  \Z\ 4f \  I   z   \ \ Md   męr B\ v\  \ <3~\ \\ :ߜ_  x  \ \ W /    *Bc@9    * / +*2    `\ -G j \ / \ 7    \ { ,x\  5\0\0\0IDAT\ } T  1\ ] 3(  Y\ \ kG\ r W ՒP \ \ ;e	]ۗ |4 7\  \ jY\ \ eY    l Ш U  \ 	 </Q\ Y Dh rRǨ \ O s ` Q  hb4\ C{  ywlv BR    `I \ w| ڽ\ 6˳  \'\ osgSC\ -\ \ )\ t   h,Zdb drӦTLg\ \ ~ \ \ ޽  ^,   \ YER$ePΊ\  \ G߿  _ \   \ _.\ O      \ \' >|x\ \ \  \ \ b mڽ \ \  3   s\ N\0\0\0IDAT\ \ \"   ι| \   իg ŷ\ g\\    \ \ =|\  \ %\'a!f$\ \  \ e \ \ \ \ O? % 4\ >p\ m  k o\  I\ \ \ 3t Գ\  G N  \   \ {_bQ \ `2 \ <   /? \  gO7 g  \r` %@aTAU  \0h2 \ Ɠ{  \ \  Hd@\ \ m \ Ζۓ
\ }\ 7\ \ ~\ 7\' G[\ S Q\ v 1 ʫ!!   p d { kV     ggg}\ W ˲\ n\ <^. < a ݛLf \ x&j 6  , \0\0\0IDAT Y`\   T\ E\ *  \ \\\ @    5 \ .\ $Nԇ!aEDc  Ή \ w\ \"I) \ f\ g   i\ >\    \ 2\0,\ F \ h d    ]#  \ Wg [k$ \ v2   \ [  \ \ y\ \ Ⱥ \  >} XU idq  \ u!$0F \  <   \ /\    \ O~ \ w \ _o   \ IVL \ \  \'!js B 1 - 7$a  a  I\"l^>~ \ [ o\    \ ,O\ \ *$N  RO\'\   o I֬[ \" H\  ܐs e \ \0\0\0IDAT  &#    DQ!\ \ }   [o\ ~\   *SJ   \         ~}  \Z 2\0b\ZR\n 3 X   \   \ nݺyp  ͛ A0Ι p n^ \ \ g\'7\ |\ / ◾ \ |~  < g\ $r\ 3o  .C \ ʐ \  \ d  \ E\ v\Z \ G-///N  鳘  0 Fu UE 9\ ɯ    K̫\r+  s&+\ryo3 )  \ \\ W\ \ P/ 
    \ E !; N \"ǘ   \ aĔRa z   \ wN5\ %+3\0\0\0IDAT ]ӵ  \ ~   4   o\ M 6ր\ ]&x{  \  \ \ o6\    ۿzyqi \" YYMX` E P \ \0  z:*  ŧ\  q\ o} \  \ w\ \ \ Y \ l B    o \ )t\r &k )@  m{v\ F  ݌gӽ\ #   V秙R] ` @C\ B\ |UZC\ |F*\ Y\0\ ˒\r 6\ 6L& L )\ >A   \    \ \ \ ftۦ\ ]  \ } \  ?ew\ \ 6b\ 0  \Z\ \ \ Tޒ V G  nܼq\ \  xz{ A  \0\0\0IDAT {owN æ
\ F  ѝ׾    \ W >\ \ \ U > & .˺*  ^C\ \ ´   +h\ ۋ\ \ \ \ Bw6l7\0P )OK) \ Ѧ\ Vm \ \ -9 \ j 1r\Z   
o \  v6kC    0Z \ sо\ . ZWT\ (   e   6 cR\ -  j A  5\r   \ S\ \0\ \ q\n*\ \ \ \ 9 =y 8 \ \ \ $3   \ \ ;  o v   }\ \  ^ \ lZ\  foo: L\ |\    ſ \  \ ?<<<j  \ \ y^ \n`~ NB4\0\ \ ) \0\0\0IDAT\   \ \ \ /*\ o v \' \  t!&Nz ] |\ _n \  \ \ \ ӗ/ Q  #K \"\      F(t\ \  %c \ \ /}eux \ G	 \ g6   \    l vv  \  \ *\ v[)B\\6\ \ \ \ vj\\ wM  \ R9\ ? UT\ Ͷ Xn    Ƴ \ Ï   \ \ ]P_[D0 T      &  `  \ w  Fe\ Q k\ \ ho>\ \ bq  6/f \ \  \  \ \ 8\ \ Q 	\ 6J\0  \ F6\ \ \ n/\ 0\ ֬> a /csJ  4\0 \ \   \0\0\0IDATЀhs   f\ \ l ?\    _\ \           ah 0 \ ZN\ \"Yc Ҁ6Ezi\ 4t\ [ T l \ n# v\ 3釀 >/ #k u \ ۔D   p ~ Zygv ݊} \'r\ ] \ . CVH  7 N\'o  \ \ \ 7@ #0 \  g    (\  O  \  \ ~  E^M ]\ ]\ 7Ʀ$   \    1 \  RBX7\ \ dz n\ \ \  j\ u\ \ \ \ {u \  \ \ \ z\ _  \ Ɨ#$\  \ \ ]\ ]  \ \Zc ? \ \  \ \ \ p  \' \ * \0\0\0IDAT\   {    3 \ \ #6\ \r [\ ۫\  \ \ \  p hz# f        \ ^ \   b:\  Xg\ \ /~\ \ / J\ l !IH\ u\r  2H\Z  p\ \r=\ ,V  0V\ \    \ 7\ N\  I ! \ \  ˗/ >y\  +     Ln^{> *JB#\ 
\Za\ |uv |/o Ɗaq  \ \ ٹ $ f >uc\ \ t \ \  \ ` G ]\ \ T o  zx r \ :_Q #7.ge \ \"F \ \ \ \ \    CL\ m\ \ \' 2X/    \0\0\0IDAT\ nc@ 6mKd @Be   \r \ \ \ X &\ \"b *i iv\  \   \ U  ! P\ b2 & *\ Y¾\ U\ \ P 7e^pH \   \    O\   ,&7 0t}Q ڦeV y \r! Ё ,\ E4\0 Q      )\  \\  \ 4u\ eya-%@ d@U\ 0 \     ^  ެ  壨\ \r \ vG nW  y\ \ \ \ {W\'/ ySo\ =zxttЧ lq\  dr\ ׋\ gϟ \ >;9ͫj>  1;x ڿ Η \ w\ 7A 0tM\ l  \  w\ H`\'\0\0\0IDAT  \ N (&6\  IT   \ e t\ \  \ [   \ \ f ٍ\ 0xTM\ \ xTfY6;8  `\ ( \ v A	 Er`\ γr \ TU9\ R | = \ 쮺      \ d E   z\ \ \0cV Š8 L  \ \ 6 \ \ \  -5K\ )Ůk n\ F\0S  ,{\ . \ j P (j\ >9f؉   \ DM;   Q( Q\0  \ Q4\"  D  H \  1\ \ \ \0` ,\"\ \    \ ݋\ W\ \ %QڟO \ <|   \ ? \ ?  :& \ ڪ \    \0\0\0IDAT r H\ 2  `\ \ :\ AU <   \n \ `\ ŶCNYV ,  ̳RM tn - L$\riP \ X  \ !\0$%T#*y 3٦\ ] ʒe 1   \ \ ؛7   gOɘ<\ \   \ \ \ W7\ \ ȭs@ Y\ gW <|\ q y\ 7\ \ \   t  w5   \ @ $\ h \ Vb \  \  \ w\ \ K\  \Z  !\ !&\0 bAԗ   z [ko\ 8ګ\n\   RI  X y \ \  O /\ZlY$笷hR\nؒ    \ ~ { 7  Ƭ^ ,Ϭ  g}Jy{ \ \0\0\0IDAT e#3   i EU\\ :kB\Z\  BH\ mg 7I@ šo0 m\r \ 泧  \ \ ͛n:  89\ \0\0	 L Ƅ \ d  d A $4j$  \  \" D\ \"y֤ H\ )\ 6\      y7\ r   s U +H `|t8k      \ G  x>   \  o \ \ լZTD Y V  \   / \ \ 6 \ Ç }z ^<\Z C\ W\'\' \ , @jlM  Qi & 3\0 b  \ C   \ \ # cS\ Q_   ) \ *\n֋Eh \ | eY\ \ \r\ \0\0\0IDAT  AY  \ ja:\ K\ \ \ +R0 F@ t! Uշ\     \ \ ! ͊ !sߏ}\ f\ \ h\ ̩ ! [G   \ ~  H    { \ x    \ !\ U\ ؑ
S\ \ l: {|Co8u]\ \ l4\  \ \ JW\ 5B-`  (\Zg h\ DH \ \ \   G \ իQ\ \'   \ p\ \r   \ \ b\ \ `] \ zu8-z e=l  \Z.\ . Ͳ \" \ :t \   Yu \ \ o$ E ^/\ z5:>._ Sz+ m\ QQ j@%ۧ ]W +NV С\r #3(   \0\0\0IDAT+2
   X   q7\ Bğ\ v(.\0 \ xR\ \ ) kSo|   [G O\ _} \ OC\ \ .    W\ !t\"hL \  Qf\ { \  \  ~\ _ Ų,  8   G \ ?_ \ \ x ƛo  5  P q\ y\ 2   Z Rr  \'k  2 W  wF\0\"k- !\  Z8    \r{ y 8yuQ` \ 鋧\\ |\ \ - ce>\ \ E1 r` ph{\"  \ N^^]^>~ \  ݷ \ d%e   X\ R\ 4\ ޸u \   ΍\ ̌\ \ J  \0\0\0IDAT\ d W ǣ2/ {s \ у  *K\r\"n  n\\\ \ \ ?  \ ^\ {\ !7TN\ z AMTU\ hUI \ To\ Bc\ ) N MJ\ h i3D Q\ V2,C[7\ _ \  |V    \ \ \nfo F\ P  \ 1 \ w͆S  \ uQ \ A  \ U\ , B7Oq|p#/F\ \ )   \ \ ިb A \ B` \ )\n A	 \ \ n̐ YXYH	a\ nG    \ 8dĔBڽђB    \ \ Ǉ   fq  y|޵1h\  , \ ֍F\ \ 䜟O&\ r \ n?  Qs \0\0\0IDAT\ ONN=~ \  uT E\ \ \ 6\ 1s\n1% ޡ\ \  4Ha<\"zBG  \ 
 gy1    \ \ \ -\ 9\ \ dZe>    WC    \ \ \ 9 vq)\ 5P
)x2\ |;4  d 9\0eR  iL\ \ <7)ɫg     \ \ \ cSTY9  \  |  ڻ ? & _  o \ \   \ t}H\ RVfe9+b8\ {\  WUy \ ,έ O ܧ~X 7 \ \ O b\ \ . \ YRT@f\ @(V UU\'7\ a\ T\ j \ 	K/ Er + Dsuv \ h  a\ 9\ Eg \0\0\0IDAT\ 	\r dc\ \ v\ ]Ah M 0} x֝\ h<\ \ J  fy Y 7\ ~wz|g/˧֧\  ) \ rX   MY\ \0(i2\ 
9  \n;\ 5F\  ,8 (   \ \ }? \ K\ \ ĝrm \ М  G/\ @^\ \  ~ t\ uLس\ = SG 6 \ x~  \ O>F M \    \  L  ,+ \ ^PC ˥3\ C\ GVV \  ۷   F\ \ b 8y|  [S䨁\ $\    ~    en     \ \ uv\0 \ T\ \ j Mbc  \  \Z\" 7\ \ \0\0\0IDAT2\0 \  2  \ AHC\ \ $ \ \ :    T  \   ղ*\ \ \ ͯ|\ ? \ 7n r4 \ i\"   j;+*r   (\ -B\   w\ \ \  \ \ \ ź\ \ iJ  !  $\  Q$Z 1e \ \    \ bs  繯 .\ W\ L2n ao\ \ \ <\  \  \ \ _n M U\ \Z\"\Z Ũ 3  9 SNAd c0 !   Y \ \'ϫ  /|嫣\ \ t2Yl\ > \ \ > d\ nq4 ʷ~\  \ 
\04  f\Z >\  $  Đ >XT C\ \0\0\0IDAT\ \ \"x  yMd \ [k-\ ) > ސ Ų ֫5X\ dW\ 5\ \ 45]\   P\    S 1\ (Y\ 8tY>r h )$A 2   N %  z\ 1c  CH  k\  O~\ \  \ \  u  \ \  \ \    Ƀ   O  % HeY  q eEQ \ >} \ ju\  }\ v1	  \Z   C !rL)3f 8H)4}o]~m {M\ 4jT  Mc32\ (* *IB &v Q  0@4! \  \   ߸s \ /~ \ ;\ V i\ 1  0 e闛\ \ \  S˯\ U  \ >

] \0\0\0IDAT{  ]\';\ l\ g \ U]? u\ 8G D \" \"* \ P?{  Zo[_LeH\ l \ \  ,\ \ x\ \ \    \ \ Փ   \  \ \ \ \ \ \ r{ X \n ) ć  1֨    !DKW    ,\ yV\ \ \ \ \ \  t  \ [\  \ {\ b\Z \'   \ w\ \ 6?8\  \\޾9  \Z   \n  N@ \ jР\ \'ȯ׉IwF\ A\ \0l  0u} V       : \ J;\ `\0\n .u\nA  ƨ\ U   U/Fɧ \0hɪ   1\" \"\"6Q \0\0\0IDATrL  \ l\ d ns 7& ~\  \ \ j\ \ \ \ I \  L {\ d   \  \ l \ \  \ bD\    \   -9È\r  E?B2 \' \0L\nh 1  ;}%\ I҈  \ :  J  ֛§f\ 7O7? x \ Ǔ\ w\  \ o  \ t:6\  _ o   r \ \ \ \ \ \  \ o\ 8 \ \ 8|   ɫ.\ ?\  _\\  ZB\ ,  Z\ ` Y .^= \ Go\ \   /~ ={ \ l<  \ \ \ \ ٫\ w\ \ \ \ ͳnq8 =\   (    Ą  T\ \  z\0\0\0IDAT l\Zkm\ \0 IE BL*\0.  |:-\'\ xo3\  O \ z{r   \\   \ \\> !\ H7 \ g\  \   ?     Uyц t \  \ ?  d]Q\rCdL #  FQU  P P\ 츯 (;j * A4H\ z&wUV  \ f
I \ \ \ \ { \n    `\0AT\0a7 PA2 H \" ,1 ٤* z}u \ \ \ \ \ =x \ \  \  \ \ s\ \ j ,ό C ]\ m\ u\ u)B܉    \n	 \n \"X\0 ] y   ݊^ O -)\0\0\0IDAT0\" \"\ \  D9\"[\"2\n    J\0 ̂  \ \   \ \\  S+\ W\ +    g ~%T \ \ \ \ } \ u[ \ _ `~\ j     < I$ITOg\ &Z`@4* \0\ \ y9 \ |\  Ѥ\ .. z\05 ڷ0 V  Y xp  GW N?~\  M\ \r   \ qS 71\ \ b  \r uĉTd\ ;5`@P;OŴ \ \ f \ 4 \ WOGE^@  W-c\ ͳ  Er{\ j ޻o\ \ \ R\'\"  V \  \ ԡ\ S  ޹\ h l\0\0ug\   )e\0== =\0\0\0IDAT - e՝\  # t\  \ \  7    \ \ \  r 3\ A      \ \ % zҡ  ׊\ 2  \ Z\ ʲ Ǌ ӏ \ \ gg  = Z\\\\\\\\d\ 3U6 y 3s\ \ m\ 6]\  =  ^\ 9HAU YUwV}  \"x}#F   |  >13\ N\ Sqw\ Q\0 ,  \0   )   \ H>gVW M 5\ \ \ \ U\   \ \ \ ~}vz ɓ zy\ \ O    \ \  go|\ ߹u m
vĠ Ç\"\ \ \ \ \ _b:{ \ \ t]g \0\0\0IDATG   !  /_^-\     R\ )i  \0!眪\ \ !\0 \ \\    HUUD$    1\ h\\ ܍\ \ \ \\  .%  \ |oo  ^\\ \ \ \ \ G  \ \ }\ Vi m\ \ \r ̥\ K \ 9 1 \ } M\n # \ > $N\0` \ v<VP՝3 \0 \   W9/\ \ _   \ ֝  W ϝ#I  	\0  ? ̪\ 5/\08F6;D  1\ 8  D\ \  գǏ? \ ^\ 4]h 1\ h< \ \ f;\ o\ 4uW   %  Oۍ wY\ \Z<D  rjW_ \0\0\0IDAT? 뤵
q   +\n    XUYu A  bH)92\  i   ᣾ \  {E ۔(\ \ \  x<j\ \  ~   \ G\ hR  \  \  \ [  l tݕ \r & \ F \ \  1 z iRەUA C2\ w\ \ u]7m    gӔ  m  A  \  D$ Z\ \ j%hs\ i  )  m  n54!\ 8   ! fBx \ j  z 7 \ \  \ \  Mӄ \ \0\ yY   j$\ 4\n $E@  m\ \ZrD v}\ \ F w\ x   \0\0\0IDATW  uUZ]m . `\ \ x | n/ 2\ G \ P` \'@\0TY  T!»e AĮb\\,\  \ \r!p\"\ ]^$\ 6\  h  a}\ KLHh s    \ R;\ \\ K  \'P      \n?O \0 D   k\nPwiNdG\rOhHDP    X  26     \ K
P\ ټ    	l\  7  bq  \       f Y\\N Q\ +1 4\   \ \ EQøXo \ \ 1u \ \  \ \ yׅĜ\ . \ 
!K1F\"@4\ v\ #\ i[$ƈ HJD; \Z  \ \0\0\0IDAT \n B \ ;\  XS\ &Ϝ\ 2C osk \ \  qYf\ \ } \ O? . # \   F\ \  \  h2E   ʋ \n Y  $ؑ\ v\\E\0\0s \ ۛ\ 2  \  b   м \ ;  \ >\ \ 甚  < \0\ \"\ \ 
 t 
TU >\ = mI @\00\ o#y \ \ 0\ u\r\0\ e \ a }V8_X\ w\ Ld, JcHTv\ GUw k   \ ϋ  *\ ޻|  : | J  C@ \  p  H   Aar \ \ 9&\" H\ IR \ \ \ \ \ Ѡ\0\0\0IDATh \  v\ 涓H>\ \ \ f\ \\ /}V\ < է$   \   D \   /  K\ \n\ \rQ\  Y  \ \Z ! % \ ) [\  <I\  ^\" DHd \0z2\ X #DQ1!A\ L  Ӊͼ  mӬ6 \ <\ YY  p \ \09q 	q }+a  M\ \ ˳  Ӷ\ HLa\ \ P%QP \ 1 \ \  \  _Y\ \   ,\ u+ X\\>     \ \ \ ܼxuRo }\ f \ ~   \ 
 
7\ \ \ \ \ Ed\"3  $ X \   } \ q6U  } O7\0\0\0IDAT  dc߅> \n\"\n+\  \ \ BEuW \   \n cW_\ \' 
u\ 뀾 \ kCJ\ \ 3    \\R\ $;/DU\  \ Cn 5  ̻ \ k\ \ \Z \ ~  \ ` &e [ X7 C \ ӫӵ N \ j\ j\ 	q\  NQ  IBbp\ ΊDCM\ !ٌ q\ 8\ \ \ \ g6q`f+\"  c\ \ Gfa\"  ]\Za    8Ĩ\ 8 ѺU  ) t}l\ ^D  nuy\ 456\ \ 4# \ {\ \ ;   \  2a  XL>\ ?DCHȢ!R\ \0\0\0IDAT \    ^ % $FDR$Eԓ  |   Ӄ xlHGe\ \ \  ӗ]\ lf\  \ |\'Da 9p=\ \0\ \ 3\  x\ D\ 5\ \ 8[  }궷ށ!p>/Gcc j R\ - SJ l PT     <!  \0TA Zz\   y  3h  ؁\0~~XU\ \Z \ ̻\ \  \ E s)  E \ \ \ :.\  \   \ \ | \ <W9  i\ \ \  ) 4  W   | W    \   (\ \'  J б\"     Q \ 3%DL1 E.\" o Q \ Ѩl\ \r   m\0\0\0IDAT\ N(23\  ! ey-\ % JD \ \ *1\Z   \ ,Ca Dj\ \Z \ \ u \ *  \ Ch ă h\0ۺކ.U3cj U \Z\"  t ɊѸ\ \ ,2   \ r\ =VP\ \ \ 6 \ \ \ j! v \rC\"D\ \ \ \ 2\ zsyy \ ų v\ \ xg G2;h\ mf\ \ \ 3 \ \Z\Z 1:gPq\ {f \ kw *d      gY \   \ RJr ?\ ARL\ ;\ QՔ\ z?Jd  H k\ \rkm\ \\S\ \ \ , C\ #@ !KFA\r (\ 0Bk=  ! \0\0\0IDAT\0\"] \"! *   \"\ L $ \n\ :UAkX9\ \0D \ mV\ \ UY\ \ D  7g  nQa]o  o\ ߸! M \ \ 0 v\ Lg\ \ f   |W j 喺z\ 1\   u\ ;  }\ *@zff ,  a\" ;  \ ϲ\ Z  Ш*0 <w>K\0!  bd    z X m# o덄0 Čdھ җ\ \ \  ? ޮG %\ Z \ \ \ \   y? \ vu    .\  \  \   7\  o Z3#  gDw5E}uuݺ 73#\ \ \ : \0\0\0IDAT\ 9f  \   ǽ-\  )C \ \ \ l   \ r^+\0JpQ 4\ o\ \ ?  {   \ \ 9 $\ \ \ en \ ? g  ֺV   {
7  0\ 7\ ~cf \  W      \ \\\ \ ̤\ L 3 \   L BIq-jD<\"܃ # \'ǈH) H  \ \     \  w hѬ   \ \ =	 ɸ^c\ V{\ L ! Uw9 \ m]gF ZRJ    p 0\rC   .\\ \\ \ -}nx Ӕx33+F |\ !     \ \ 2r \ ƣ \  崜\ \  o   2 \ ~ ｖ\ \0\0\0\0IDAT\ OK L\    G  \  \ V[cx\ 9  \ Z   u 
f&\ mJ/  4 H\ \ i \ 9\ n  . 
X  \ \ Ǉ\ \ x:>q -\ Χ \      A\ 9OIUD- \ \  \"4 JҔs\ 9        \ ̺\ t)+\ ID     %b!<   \   ^~ )    9A4X( DAB з\ QP mx[\nRR f   $iJ	LaD  B    \ \ \ \ \   ̬z#@    \ ԣ w -˅ k) \ 2 ( \ \ \  \ ͭ\ l=`\0\0\0IDAT\   \  x|0_\ 7S Cl\ \ > @\ 8!\ Y
 ;\ (<|>/   d  ndhsBK i] S- \ ,m\ 0^\ \ ?[.k\ry> A Y\ \ \ ~ uY \ 4 | \n  ̢G4\ E][  p\ \   \ gP{Ї#H\ 	A \ 4M\ 4\r\     VQ
\ \ <֧eLz ;  Ԃ :\ \n       |\" $\ \\ * B$ \ i\ ;\ \     ĭ  3+ \ >=\ \ T9\ [x\0    \       wrL\ Z \ W@\ \Z\ \ \0\0\0IDAT  F dN \ f   n\  n    s)   ,
7 4\ 0   f $D $ \ |~p8\ \ _ \ W?   \ gC  \ \ _ ſ  ? y \0X\ ̉\ \ \ @  L\  \ =ʹpv\'\ @s \ \   \ pi  и_ӥ \ ! ݿ\ \ \ \   < \ u{  O \ e \  t\ e?NV\ `z ٻ_N  \ZlÐ\  Z    ] \  q3\    zp\ \ \ \ 0F  \  ߮\ \ 4 : Ôw \ 0  noo)\ r|X\ s   ӱ r  \ \0\0\0IDAT\Z\ Z /`    *Uɍ  \ \ Z  K @  n}#\ 8\   \ \ (
k 0\ !\ `\'k }:>E%\ 2	    .\ (    p A \ [   L\ \   0  ȭ\ \ \ \ \ Eg!  $0 Djf X 9 \" } \ j  \ 9 \ !\ 4Mo\ \  \ \  \ O  \ _ϧ\ \ \ \   \ \ ç  \ \\   (i\"\n  w  \ $\ \ ʉx   Qwѻ  j  y~  q   i  \ \ ᰏ  }]\    \   / \ \ o \  G\'G\  \0\0\0IDAT  \ ,  D\  /?  \    L<$ \ c    PpRfN 6?-\ 0    \\ 2 \ m\ E = I%     \Z%bf fn%l &\r B\  R Uw     !J\ \" /޼ ^  6 4t\ @n  \ y^ s XZ r+  \ ,IrbQk   +f\    \  &&\"P [\ u 0wLOU͌ \ \ Ie    \ J\ p l G [ * \Z      \ \ ji  V[   ZJQ\ \ \Z    ׵ w\ \ ~ \ \ ۛ \ ~z  , @\0\0\0IDAT\ > |z| ̗i \ 0Xk  )     :  A \    \ \Z\ \ $`Q\ \ ã\ S*l  2S\"M  \ Vmv ߾    Z 2Y]3 |z\\ >eqe\'  S\ )Y \ \ i\ \ w \ ~ȹsl}\\o e \   Yy  0 \ ( \ -Z ff  e9  k9# ym\ ^\ \08X\r\   0UaW q \ `ɚ\ ZS   Yz \ ,\   \  t \ R 01  \  = qML \ a\r\ $ \ \ \ Q љŗ\ W \ \  [$^+w~ \"TU \ \ 9\0\0\0IDATn ^    vV \ q \ ~\ n Zt*  F\ 9 Z   p  _]k\"   Aز\ eY \ / \  \ G  ? \   aM \   7   \ 2\ L ,\"/ c  fܱ pڀ    \ \ \  PU	 \ V><=L  ĮrF\ 	7on\ \ o\ OK  \  \ \ 2~  \ w \ =^.  V\ a   ꫧ\  \"UB=;\"bI  Y|f  i\ \ \ ql / \ \ FD y\ Y?[\"]h-Z) \Zհ 1M Ij|\  jN*CAmAX)@\   sh 
H   \ )x \0\0\0IDAT\' 3ɠ  D$i5 ֈ\ c\ \ s#B7  ͢    {[     3Q  h\ v 	\0 3m : Ɗ{]c tK* 6_\ \ -\ A\ \"\ *$)\", o\           \ \"` RUt  f \ <slr \ r: Ӭ) ~  㧇 /  ? ɟ \   \  \ 祔 \ j)\     /͝ S\ G3\ \ \ 
K u\ Ȣ,\ 4M)%3   \ | rs ?]. v9 \  \ Zq` v?  ? \ _ t \ \ o\  g㟾  /\ H<\ w_~q     S*\0\0\0IDAT\"\ \    RTU 23	 1\   i\ K  \ 2sA\0n\ /%\ 
^jf\ (\ ; \ I eq     =\ 벬 psΜd$ \ ڰ \ \ KG  j\0q!D   R\ \ \ ]\ ( \ ֬ +\0   $8ʲ [R  q   \ \ \   ʡ    \ &֑81XH \   # [
\ $:$N\ L he ;  ܚQ`H#  {mM\ \ \ TA  !Z \ 7Y  5D\ _\  \ .yPt \\D T5%M 5Bo\ <\ 	0
f%s     _, } \ \ p  | Ħ\ t\0\0\0IDATů~3L  <3놮 s   \   \0\ \  \  [P jmu  I,\ZS0  zF\Z( \ \  n\ \ \ \ r O v>}\ z \ ? \ \  \\\ [    \  ߔ\  \  \ ~HY\ v _ W  /߽    n  \ \ RV 9l  @L\ N A55 \ Jia,@ k z yY/ \ \  W7 n9 O?<=?]N\ V
 F%b   $\ dA  .Z\ \ qO  \ v\ \   9Q\ 2 &\ C y4wH    ?  *y  zcu ͼ   4\ \ tw` \ ht    \ &  \0\0\0IDATg\ }%ܛyq7\ D \ \Zi ; R   <d wffM 2X\rTZ, \"  5 \ F\ v9v U \ \  X Dr% 8\ 8\ )   \"	   \ ~|     \   ?h \  \ ܪ  ] ! G Ƹ ӕ3\rBO\ #Ƌ\0 	L\n&  wrRP\ \ \ \ ^ }\ \ \   |~ &:~ \ _  F? #b \ \r  ݫ7o\     j  7  \  \  \' \  _ \  \    \ \ \  |9yb\Z\ lF,\ ڊuz#\ | <\ \ \ )@ h\ \ ; \0\0\0IDAT \ \ \ O\ . Ӳ,uY \ *   8   j  \0 0eϜ x Cޛi+ 3KJ \ \0\ PI) !P   \  \ \ \ tn  \ i  a   4M¼H[P 1	  * pD\ \ \r &\ u 6\ \ k  l} o Lk\ ,HT 6Q[i *a\ \ Í8\ \ {bbt  \"(   \ 	\Zb\ pp= \ 5y\ R o~       w \ 3 \ /~  o  FD\ uU\ V[\ p_J  b] IV׳a\ A\ ͽ 5  \ b  G\rPp \ |: }} \ \ 珏 <S \0\0\0IDAT \ ߿   [ \   ×  Ը6 \ Ͽ  ?  \ \  \ ?{  ?  _ \ q\ZZ _ \  \ ǇcJ4BKqsD \ af0\ \ W\rD [8\ `f!\0  \ \ BD ֈ\ \ ZDmsFɃ Fsk-Ĭ9ȁ \ 4Pm Dm\ 	  \ .p%   \ gk. ͇14  MC\ \ $(A$D   \Z   \ D\ f\   R[K\ ԁ\" Ρz a   \ 9 \ ,/  yߑ\ \  qE  ;̯=\Z#̝YdVIʒ  `v0 ]   \\ Uu\ !\0 \0\0\0IDATUMLh    /  ~0\ \   o  V   2 /\ z\\ \ ~ : \ \ d }/3
Bk\ ju \ \   MQ PU    \ \ \ /H$ 7 z  \ ͛ } { S e5!  }  }ne)\ ӧ\ K\ <  \   \ ]  \    iH Y \ Zk   \ _ \ ~ S ` 2C`^׵  \ X)Z-^ Dh  4d FP  ,,\ \"\ \ @\ ) A 9,H( u \ \ \ * \ I9/NJ 4 	!\  Ӕ\ IU u   9, xC53\' ^\ U \rċ \0\0\0IDATF\ ,  7\ \ [P\ 5    +\"<@M=\ PD8 {W\    \ IffѤ  I  q \0\ !\'\ )}\\[%Dd]\ _  \       \'? O?~  \ 2   m     \ 54 \"\ \ \ \ra7#w Dľ!JL Y!\ \r  .[:O \ \ \ \ \ \ \ Ǐ    t:~x| \ \ 4  - e\ \ ߾-L  j   7 \ \    _  o   \ yv \ |]\ R w\ ` ;W o   ȶ   k \ \"\ ֚-f \ \ \ZE( ,+\ U5 Ӑ m~\ \ 8\0\0\0IDAT
N!M  S !  87\'\"N\"\  0w\ \ +
  W Z\ \ \ q\Z    R  Ue4\ ~\ \ 8 ^  V  \ ~ s\" , -\  ̃wg\"a&Gu۰\ y\\$\ (3\ \ \ E_ \ \ \0]3`_ 8e b%\ M4\ W\ \ & k\ 3 \ BB   \     |Q\ p\ G ^6ܞ )\     jlf 5	!\ \ `    G\ \ 6)\ \   Z\ QK \ y7   \ \ ~  o   \ \    %\ &A\ s)\ \ (\r \ ןE;    \  _ ? +\ \ \0\0\0IDAT?˃$    _  7_?>K  Բ6wgQ ݾ|b#E wfb x u^# \   y ,\ b 	 4	\ \ \ 7 \r\ 4\  \ іR  9   l!\ 9M  \ Z C\ `b p fIL\ \ 8򠞍 )xH\ >] D]4\ q\ 0 \ X x\0y\ ݌9\ K+ko  Uk%̉\ \ \ .\ M{ <T 0s\ \ Qwk\ p0A U} Cp\ CpJ   (¬?Q\ 0Q V s\ 9\0\ :Bkޘ\  \ /   N   T   ߯  \ ܘa!\ ؿ(PXWL\0 `\0\0\0IDAT @  \ EI8	  F r\ Ɂ  V\ \ \ Z     \  \ \   \   \ \ o?ߏ\nkV˲\\ZY ۽ \\\\\ \  \  \  [BY/ \ ).\ f\ \      \ \ \  \ {?^\ \ ˲\ \ j\ cRج ;  9\n&( E \ \ YJ
  4   _ Uy\0
  L XED JsR \ \0    $\ u    m \ \ Rg   I\ (\" Y p\ <多 !e \n\"q hf  \ U[  k iFI DD  an  V\ ւXE\ `&   X	Z8!D6 = \0\0\0IDAT 5o 
 AԂ \ v \ < {\ g[\ f  M7     ZS\ =  } i o !]\ 8v%X   \ !3      n\ xz   \ \ . ÐR\ ʏ\   ӷ     ^ײ\  a\ #(\ p b]  au cYZ @hD n A \ 5    \ \rd\ 7!\ [x+ 5om\ \n Hܬ \0Re S ךB$\  \ v\ \ ϗ\ i \" Sk \Z\' fo  jJ  -  [ V9\\A-Z O\ : EFV\     ^ 7s
8 a r\Z as S\ & \0\0\0IDAT  \ \  |)\ *\  7  ;C  (  \\f\ns% \ \ Z+e)\ l 4\ p p  \   T%  	Q\ \"  팠4d\ Zo- \ ;xM\ \ W  >>>     X\    \ \'\ ə٣!\ y.3+e\ ΀   \ 岜[+      򠪪I  x<\ v        \ /   \    旇)\ ^=> \ &\"o \ \ 
 Ŗfe R\ \  ym֢\'\  fi Ĭx ib\ h5\"      \ \ \ 4M< \ \ \  \ ߈5 \ { HT\ @ \0\0\0IDATuLc\ZF\ 쬢 4D IY; I$fՀݴW Q \'\ ⥈\ 46\  ,  5x  y gb\    W  ֚;H 5\ @ : x \ \ \  C h ^.fN \  N= ů-n \ ^ \ RJ)]@\   AJ\ \r T\ @*$\ ` \ V:A ͹ md$,  \ \ |Fl   \ #W\  \n]kލ^)V(:\ \r\ ] }o/ E \ q a\ \  \ Z ߇i\ YEd9_ \ i Dd  \ i < O t    A  < \ zn\ ܖ  {  ps  \0YPe W \0\0\0IDAT  :\ ܇\0 U \ \ \ Zn  ^  =  Ҙ\ pU\ ʕ$   ǀ h  j    \ R9 X\ \ ƈH# U% /  \ \  y {3 a\ \ -\ uY  ̂P6 i [k\r\ Bc a\ kZ u]  \ V1\ y sY \  3 \ B\  ] \"  \ r \ s)5 e\  @VI #k  `u ~ 6v\ ;4\ \ \ kЭ7\0    Dă ( z \ <X n  r \ \ I \ E ֳ 7 w  Z\ ΪAxx8 :u\ @_ 	 e KY_ w\ 0  - \0\0\0IDAT=  \ ^/\ \ \ 㧧O\ \ \ !%\n  [A \ F \"!s \ \ \   !\ p   鐲& r:] e)%   \ l\ Z\ j .! \ e\ J \ J\ aVC   \"f		B  1 ֚ t\  \0 \ 誗\ S\ fn\ \  \ &X@H E91k\Z\ i\ 4\r\ Z  \ a9-  C\ ǖR\ \ \ \r\       wť eY\ uu  M_@Ě$ a\ <J\  \ j* 	 C   \" ֢ 5ΉR\Z A89\ \ Ȋǆ m\  \ ׹ 􁔫\\  \0\0\0IDAT   /L K\  }|˯rB!\"  Ժ ̽p\ \ \ SR  9D\ \ Rz  \ t~`  u , \ \rA\ H +1  deQ kP !6\ 	@M諬YG\ D E$\ 1  7\ æ{\ Z  o\ \ \ (\ )\  .\ HISV\ `\"aaNf\r\"\   a4  \ ڬDDߟ0M\0]K \r P\ n\rO\Zȫ IH¼^<    hޥaJy 4 X  ̗  \n #dU\rx \  \ \ 1}B Ǧ0 o\ ,  r \0   S\Z& \ \ n\ 8\ *=ܭ?iRe!\ \r V    \0\0\0IDAT [t!7 wwO\ \Z p \   ^} \ z  (v \'ͽ w \ 0z q \ \ \0ܶ!\ @ r9   \r?}T      \ \  x\ \ ND 8 H \ }   6  v /    71 E\ Mӻ 7) \  \\JՁ V\ \"\ Mt*  P!\ 5     s   \ \ \0XH    o\ \"\ N  %&\ 49
3    0 H SaΔ¥JsfM\ \ ΂z1 WsG\ u eI$&־^p) jc  \    N  mT#  o     H
 -   n  \ \0\0\0IDAT<L G0{ A  \"ｦ |^\ ĜT\0  h\ DDfF\ L ^ ` ;  C\ \ D &ſ\ $\  , ^~\ ? l\n*t+P\ W   c g[   - 묪 \ ~\ ߭kaN\"y\ RU\ ,<    	 0 ֚ \ &\ \ ` ` { -\ ,0\ w } eJ\ w \ \  R  ua { f\ #n ) \ \ K  r\ v   G#u \ \"\ ,B´i = #  +3\ 9O)  Lo@{#\ \ \ \ #I  C\ Dy \ U 5\ : \ 3  u \ V[  \ `Rw  B\ ¯ \0\0\0IDATXU Yk C J\  !  a \ \ x] \ k !\  ֔\ a\ \ 4\r\ 6 ւ\   n  \ \ \ D \ #  9%\ Z  P \ ^8\0 ޽   O\ 8 Ǧ   g 0\"s 9  }  :B׫:D  3Û[mѬ<   \ t\ >
\'%x Z[+n\ DL VqP#\' n   U X \0 ڎ\ gU , 4g8	#    Z} Mkw # m Y 0\ \ J,.Cp n
 _ \ \ \ \ _   Ø q\ }zU afެ  ـ`\ \Z:M  8 l\0\0\0IDATE$\ q Z\ \ \r\ % T/ \ j+\ \ \ -   F ݐ\ \ m  ԅ\ @[\ r	g a\ ,w <	b 5 jaf\ \ 	  \ yL\ >  \\ )b]+zŅ  \ \ h  = 0X$ \ \  \ /SC\ t \ +  를&\ \  UD\ \ \ M? S\ /% .\ u \ =\"  \  xPg b ̒SVv\nr :/?< y o-\ IP K߾  0op   0\ \ \r\ u L1 ˲ .\ \ ~ [i  &Unu	8\ -  w-. }G  M޾ 
   e . 5w \rYo3 \0\0\0IDAT ]\ 7Q Y !\ $ fĬ  \ @ ̲\   ʁA\' r	p1#x\ \ ן\ \ \ 2 \ .\\\"\"ʹ v\ \ \ \ $ȠΣ3 
LY$ \  \ Y   r/\ \ 1 A `bI  \ \rk \ \  p\ 9 M\0( (\"`\ р N  d FAp \nv7&%\ 5 
 q \Zb [w I  \ j     V 4\ \' 9g0s   JZ  P 4\0\ !Uf   0s [0%v  f\  + \  |:I\ D  \ \ w   d <Rptqx   @\ 8%\\Ž[  #n s\0\0\0IDAT  `2  FP 0  \n1 \ s  5+p\ \ EkfiP\ >N+ ڌ  U\ ` \ ZqN˲ # H  n\   \  ko V5 <\r  5m}  h    R\  \ ̒  7\ \ dA al\ \" \ \0   , g\ \ MI#\"  Ã 
Ę  \ p q E3K   +  %)47!⤒ ۲\  ܬ [D  z G8z F[\n pb\ p ە:\ 3\" Ԍý\ Vj \ J)CҞ  \  + hf\ \ \nw $ Tk- ԷQأ \ \ \ \Z\0 	\ \' nA \0\0\0IDATӈ   4\ Z\ M F \ \01 2
 D\ gޙX8  L\ ه   m e&E \ SJ,LaM\ H7\ \ d ֌ W# : J 4 iI  f   \ \  dն M? 7\ \ D\0\ 3 w\ Ľպn\\Yz! .% D * \ @;Ѽ=ΰ t   P\ $24Zz H`  ܅ ;&\")  b: \ M       /\ \ e6 \ 8zx ~ \ \  \ \ +L h\ \ s\n`\ \ \'D U v BU 9ROc [X Y      y  4 U\ \ \0\0\0IDAT   \ Q  jf u b:U\ \ - dw l m \ *<     A\ a  r\ 6\ B= 3 		 jKgf  
\0 [.# 	@Ue\ \ \ \ \ \ JA7S \ =)   \ 1\"M\ ` \  \ ^63{3o s\ C\ OcJ  \ R8 \ YT  n   \ \ #Z\   \ HI;\ \ J p $U  \ ~< ˺.  U\ Zle!   \ = ̀  T YE 	 u_2 \ ͖\ y]\ u \ h&J\ 5\ ^\Z\ r  \  ܰu|vESA\ \Z   Z  63Q  \0\0\0IDAT \   ]  \  I \    @b\ fA*^T    V $- w    zt\ ֝q\  i\ \ V  \ \ E`\n %O,۹ @\ E,  H 5^ ς  e\n     H\ \ k\ 	dެ#RA Q\ ,X \r\  *\'I\n\ 1 \ \  \ :\ a\Z   Hy \ Fڹ w P :  Z 9\ d   \ }\   cb\0\ m)e\   \  E1G B \ -  [4 \ v L aǮ ja&M\ ,L$\n  E3 \ ju \0E\nk !\ \ =\ d,\ \0\0\0IDAT  \ \ Җ,a\ j   ]\ ;  1 \ K  Kr m  CƱ\rwG \ \ \ kG̃i \ ֫\ ޹  @ 5R  @  IR\\ /  ) \ pc \ \ IXd>03 \" lC#$pq\n\"\ ?\  Y\ mhy01mČ # \ \nӊ0   \ ț5\"\nbQH  ۂUk ,Y   $HG   SJ06# \ \ *   \ \ \ }
  ى\ \ zO ҐSNi`f\'4  \ yd E	H  汖F RJ C#BH j  CZ¢Ir %,̻ؑ,, \ \0\0\0IDATB  \ O3T\ L\ }KW   O t\ GĦ  0BP;m  %\ O\ tww\ \ \ \   h f\  \ We)\  \ 0 / e~u{ ǡ   \ y㌄\ 1 \  \ q==KV FD$	 F\ 9\ Z   \ k͸  ֚\ B \r  ^u _  \ \r#c   HD] \ `f\   - 8z &  Y \    ,} B;\ A\ ,ѰFX@|*\ \ CB:s\ \ \ \ \  }\ b\ M:^ Uk \ \ \ j Z+	   a  z  \ ]_T\ r ͪ   g\n F\   \0\0\0IDAT\ \  I <K}\    X\ \ 7՚  \ \ l \ ^)\ M\ \ | \ }\0[ .\" p 0W% f\'k $Mp \ \ ۯ~  9\ \ y\ q \  哵\ \    \ t\   \ \  \ _|yw   |:/s K \ \ 0\ z ?== 4\  .g \ MRY, \ \"\0   Dl(L#     Z \ ⭋ \0 \   8  e | }牲\ X\ \ , *\  (I \ \ ,\ \Z \ L\ ʚT3q/\r ڒ  (  1MӘ\'ffP    R\ |1iS Z ¿z?\0\0\0IDAT L \ \0T\     s h $=??  JVU $ @,  m\ n8  `݄tH\n1xD D\ =PG \ [sf& s w Q  \ ۓ \ UȰ\  \    a \ f\   \"#a  \ \ J) Zk U\ \ \ \ A\ U\ i\ o̘ TC0
\' 8 Υ N   , ===\ \ \ \ \ \ \   eY\ \ s\   ? ѫ \   \ k\ \ \ Ǐ  \ \  | \n\" :\'1 `p   E      O~(\'A8	;8pM\ \ \\퀭/ \0  K TaI \ \ \ h\0\0\0IDAT,\ ނX@    ۨ  f\ ^  t\ Vo \ q   Q\   \ \ \ Rǒ   7  \\[i\  \ ۵U  %eTo \  zƉ > Ǥ\0\ \ _ NϫGk\ |>\ Ao^\ O JX\ sX  \ \ eY\ \ T ko   \ |Y\ }\ \0\ VE  Zk0o\  4   \ ,)n\ \ 1\ h\ P\  n\ \")\ j J9	h g 4\  \ p\ `pʵ nv Zl- 6    ˲\ oo\  q-  \  fz> \ q  ps \ O\ g `\ \  o    ݾ\ v:_      p\0\0\0IDAT<  Q  H [  L F-H	\ *\ n]\ \ \ \ ~ <(M \ eu\ 5 T*  G\ ^WS i ̣E\ a* N \  x\ q\ yYv\ dfH VSU\ \ \"H D    i9    K[ Ԇ \ 4_4 \ A] ΢\    R- \ n RJ\ 00_N\  ^N\ V< \ \ \ F    2 e\ Ҽ!\   9\n \ \ & \ \ \ V  )\ 4M\ mY\ \ DŪ    <4k pf\ \ \ \ \ \ ­6\'䜫\ [x 
    h  aN \ \  R\ \ ,\ ZK     \0\0\0IDAT\  \ A v  : ޅ 뺺a\' \ n8\ Z}u4^j[k] \ ? \ / q<? {\ 4L\ \ r z  O  \ \ 0 \ n]ׇ  f   U\ Z\ 4M  \ o  ` ޿  y \ M\ O  J eYN\ 1\ 0\0 q\ \"Ұs\ &\ kk \ a X 9N˻\  \ \ \ \ )3\ y\0X<e3 ښyc=\ j\" aK z9    \ ܽ6<  V KJb\ \ \'  5 ИF ͍D{ `39  \"%\ 2ít6o u K \  \Z ~  V ] Q 䁬6\ e^J]\ ۘ \ \ A\0\0\0IDAT9M\  \ \ \ \ G C2\ ) \ n / \ rsb Ue\n+e \ \ \ \ n 0\ d \ f \ \ \ 2\ )\ p \ sR\r\ |: \ \ \ \ \"d \r u][k\ 0x \ \ \ \  T\ * \  k \ [ \ \ ߾{sssCD)\ q	\ \ ȈX  \ ϣ  \ \ Ϣ!\ \ <Ͽ  U  <M  \ n   {\ I8\ o\ ^O  y9\ \ \ O\  \ ӧ^\  ~ \ = 4h\ yY \ ᐒ  8       \  Ȣ\ \  \ \ \ \"  \   Nr\"\ \ n   \ \ \ \  _|~~>\ \ ˨ \   \0\0\0IDATǬ)k\" \  ,K\ O  ]uO)u	\ y^N \  \ . \ qUsW H  H$   \ \ ݴ,V! \ e\ 9_. Zm ߋH 5\  u \ <i\       skOAc\ V Z\ e]\0\ @* \ \ e  e-  RZ) F  \n y-   $瑈Z fF,\ n OI+ \ Ӑ4 du}z2D\  S\ \ [\ B\"TJ1k\ n \ qw7 \ ǧ\Z~w \ \ x|x  \ \ \ \ n +   B\ Y 浔2 \ )坦ɼ*\'   \  \ Ç\  (\"\ 0  \ \ \ k S;\0\0\0IDAT  5\ 4d= \  ~ VRJ   u \  \ 7oTu \ eY\ \       \Z\   \ ? (5Mӧ     u] \ \ \ \ \ 4M]&\"     \   i\ \ \ Wo$\ 8 >\ \ ޽ \ \ n Z\ ͛w zu{ \ m G\ Zsֻ\  \ \ \ ^JYZ;\ \ \ Y\ ~  i:?  >|[\ rw7\ \ ڲ\ oo L&  \ L   ;7HR\ \n\" <jf	 ^H <  \ \ \"Q\ \ + \ \r) \ :MS\ Z[   M \ \ J<\ 3 < Y\ \0 솁A˲ \  \ \ *\ ie\0\0\0IDAT|~.e  *9s  8F\ V/h&  \ \ m K    A\ \07D   ui $$锎&E
1D5\'w &\ CjM Q  y aN\ vN !   Y \ ; #3  y\ \ a`I  ~  ̚\ \ `	D D \"` \ \ D3G .,i\ 뼖  o i:    \ /\ * aڽz j  =  \ ,\ n7 VE \ a\ 8曛 \ n\ \ \ [xuK r\ ,  \ \ \ \ \ pK* Ve8 X Z\ \ \  PK\ f \  I +  3 \  T
\  r \  9S\Z 9ibI DJ \ \0\0\0IDAT)q\r@(   \ \ 
  0 j6 2Z\ 5ܚ YW uG \  iGG
\ M \ , $)	(\ T\  L\ - \ \0N\"$ \ V. [\ \ \ z~zh  7 QXx s \ %%  \ Je    y [ 6L\ Ƥ+ ZZ]k] \ e[ \ n\ =~ֲ . [Wk\ \ µ 뺔 \'\ y]\  \ r  >_    kCk\ R7f\ Z\ \ \ : \ rҖ  ; h     3-    A \ZW  <\    \ ֻu7 $ٙv KD\0$3 S KO 4#    %  5  \ \ \ 뢶\0\0\0IDAT*  < $A\0\ \ vуY\ Z\   @ \ n m۷ې6\ \"r o     \ C c \    \ \ \  چ   |  \ ~q ^#% \ \Z\ \ m\ \\2 hm    ~\ 2D\ \ \ \ z  \    ˕ {\ {  u\ ΙQG{ v{}>M \ t\Z*\ !  * mo d	  \    zɥ\ :oC \ .r \ i\ 9Ǟ \ ; \" \ 6:o\ \ v3 D  ]L   g@U%, I\ Bh. gff4 \ {H K4 %{   \ n c\ ./ \n\ 1\ ڇ   \ f \0\0\0IDAT\ \ wUm \ ̣b͹    ,\ \ l]\ !\r] u\ R\ : \ E5& \ ILZ \ \ [H/\ h
u$V\ i n\  }\   ~>?\ \ 
 J\ \"  MDx \ 
 \ \ *\"9\ uoA x}  TJ    Δ e   w  \ ]UU\  .\"\  m  ~  ̵Vr  \ \ zO)  \ \  \ \ \ ޶mo\ \ \ 5 TJ }\ SJ˲0\ >} \  v -\ i \ ~     ? \ ?Ouv R \ w\  \ V\0c\\/  \\9\ \ z ] iZ\ ~ ^ LYD^. o\ \ l \0\0\0IDATx \ \ <= E\ \  \ ~\ hY <ͪ\Z޴֚ \ gH\ Mn\ }\ w \ θ_\ 蚈 }wwׁ  \ \ S\"4mMѝ @U \ H shSNc 1 橺 0 \ \0 i     )    \ \ \0 }\0\ \\\ \ \ \ \  \ \ Ӵ 1F]\ s a \  E O\ T  x L&\ \ \ u \\.    4M\    \ \ \0\ 6?MӶm \  ᧟J):$ \"]DjN   \ \ % FS\  n  \\ >~ T˄ @   K)E\ oۊ@9W oW 
\ 1뫪 \ \ /\  \0\0\0IDAT\  \ \  \ \ \ m ʏ? \0ș  E ֛ >==!\"9\ D     ~   Ï_ | \ \ \ \ s ~  _/\ r \    6\  \ ~  _ \ 뺚²  ǟ ʔr>   \ \ O  \ D t>\  \\\  \  	  ey  D=\ ۶ݷ\ 1  L  \ / h>  }\  >\ k  N\0@ 0s\  \    ? hT\0Q)S<\  z\ L eAsSqwS ^     4 \ n\"& \r \ \n RJ    ]  \ \ e <E;> 1Th \ R i  e\ D r \'|\0\0\0IDAT PG[\ \ & \r\   LS*\ w( ҇ \   8T0eF u \\ \ \ $}   Ԩ z ޻ !r u]\ Z d RJJ\ \  ֆ,   z   Rʧy _o  ݈a  ZkN    \   \ R.\ \ _~  \ \ \ \ Q\"\"t{   \ * \ \\i ^\ \0 \ Clm2 TR v   y      O_ \ \ \ a\ 67; O ߟ/ 
  \ o~    | \ 9g\0\ L \"])\ \  \  <O\'D J\ </u  i.? \ / m K \ \  N  ˼,\ <ͧ ml \ \\\0\0\0IDAT||| \ \ m\  B s s\"^\ 51. \ G Ѝ e m R \ \ N F Ѿ|        bM pJD`  Ue\ \ YJ~y \ O  \ \ ۊ	 \ \  :}!G\ dfnj NDS \ T\rщB;\0  \ \ \ 1#ddD6 J  1\ Ff\ GSU1O)q* 䎮= Č\ 2  \ \ d \  8A\ !6\ ,  \ \ a]wYN {AU{\ q L\ \ \ \ A \   h
\ \  .#i^  \ ӧx\ w}2 Dl  h\ \  ;T|w\ N㬆 \ K  \0\0\0IDAT\0  2 \ \  \ \ ח\ \ \\\'  \\. ׷ Χ\ );  A  \n,    = ٶ \ \ t:/u\n\ w\ n\ ) ,S.\0   P R!D3\  =\ |:\" # B\ *%\0S\ ַ ͩ\"  \ \ \ ̀ r)\ T\  0  t    \ HX*      *\ wH .\ \ H\ \  \ { \ \ \ \ 	 \ \ R\ )   1ٮ\0 \"z c 8\  \\G\ \ \ l\ \   0s \'vG 4\ 2R\ *F  YՇ\ \ z_ \ uܐL /   ѷ\  ~  ,4M\ \ t  %	\0\0\0IDAT2 64    n\ \ \ \ m < eY  ޯo\ hc Z   T  m \ Ǻ 1\ \   m[ s| \ Z\ \ z  \ C\ u\ 7\" Sm [k \ \ =9!   \    \ \ o  \ \ \ ׯ \ ;  \ W l\ v}{ \ ?  6 \    s3C u]  ;\ t \\~ \  O >   \   RDF\ \ \  F ߞ_ iQ\ R&\0\ [ \    \   @\ \ \0 },\  \ ۷\ n*\ % \     yۻ8, L[   \ \ \ \ m\ \ \ 	 Ʋ .  HS\ :: \ ݳ \     \0\0\0IDAT\ j m[ʔ \ \ ~AW \ H &P   T    +B`wdC0\ UD  .      \rf eq \0 p  4\ 脨j \ \ \ & q\"v \ \ -Km\ - cc  \'\ \ Y e9  ?z\ 	S\ \ )%\ m !  .\ O)ٷo\ \0` N (\  \\J)e\n55 4\ K Y\0 L \  X8  ר \ \ )_ ޶ v $𗚃  v}[\  \   |~\ \ v: BP \ qY\'ܶ ּ O 1>  ,K\ \ \Z7   s\ ga ( <<< ֯\ \ \ \ \ Q\ \0\0\0IDAT   r `\ e -  \ \ \ ~: Ώ ?  \  t  e  ĉ 2  ~y}\ ڞse\ \ \  \  \ \  h.\    :\Z \ S\ \\ \ ~ ޶Rrʴ \   ~8(* \ \ 9     3\0$9\Z 8+\ \nDn\ L \ \ : \ \ \  ; \ Ʃ    uC\ 1 \ 6      &S   (\'E   Ώ  \ yY@m   \ \ ZJ] \rC   \  v%\ \ \    ,S\ ;\" \ \ ۭ\ z:=L\ =JD u??> \ SJ Ƀ \  l\0\0\0IDAT\ \ i&4   J   1 tq  \ /\ 4!  m  \   n6 \ \    \  eY\    D\ \ \ \  R  \ \ T Sd \ y Ê\  Z\  | e>\      \ \0    \ ˗ 7 L\0   \ ? \ 3Ou \  i.\ i Ĝs+\ y   \ q `!   \ \ @\ Yԃ nH 0 \ \ \ .#00 P  Н 2$B@T\ \ \ I1E  D # #%N   \"{Վ  D9PS\ Y =\'b v^\ \ \ [ J7  \ aݮu^r \ h\0L \ \0\0\0IDAT6\ (s  \ (S \ & cDD&D:\ O*\n~:=\0@ێ  N \ \0  !փؼ 9\ *b \ ^  \ c\  ~O)!PNe\  m\ ~  \  /|   OSe\ hx\'139Ǫ \0q\njfh˲l\ 6\  , \ ߯\ \ ,)    s.fj\ \  \ \ < H\'\ Z\ /_\ n\0 Ӊ O S \ @  j \ h\ \ \Zf4 h\ NS\ wff ! \"\  cJ \ \ L  < \ \ +\Z\ \ \0 w\  ;%\   =B  %:  :  s \"Ũ5 cRdj\   \0\0\0IDATG\ T  #    4\ - Ln @h\ \ \ p_o}\ [\ L   #jֽ  I   cG<\ \ Ȝ   O:滃e  \ \ IU\ k  \ Z\   p ( \ ۺ  \"R\ ܵ %F 6  \nB   \ t   s9?>m  * \ \0\ m \ 2K, \ }t\ \ \ \ {W  K  \ \  \ 	 m[\ g  2\ ȩ 1MK.S   !  \'&\  } ɏc98 \  ~  RN\ |> \  \ bf d\"ʩ֧9*\ \ vG\ q \   \ \ ܺ\  \    S\0\0\0IDAT\0P\ \   \ i  \ \" 	]z3   (  \ \ n\ fc\ \ q \0)X{\ \ PUᒉ2  ?\ ɜ(B\ #\ \n    N.|G@P !]4( ;\"9 -\    8F  \ \ ۾     \ )%7T\ ) G`    )  \ G OC \ \ m#B킈     ww/ \ \ w@#\"f\ 9\ n\ i K))w  \ \ \ \ (  h۶8 \  n&   ֶ   *=,\ ۾\ _\ \ \ e b-)\ \ \  \ ?  \ \ \ ~   \ y \ \\\ ݿ \  \0\0\0IDAT{\  1 ژ\ 
 \ ]u\ Z \     \ \    \Z   R |     \ \ \ z \ \ \ \ kk  \ \ \ ̐\  ~/S7  \ \   \\gQܿ <== 1j  i \ n۶ <  \ 4MQ\\N   ɽ0\ ca\ A4rwt8 \"E (   \ cX))\ 0\'Hj@H \   (½  %vF2fĜ@Q\  !\ \ !! ! \ \ 2;T\ AD )  \ s:  \  M9\ =N \  <\ (   \ \ tz  B e OK\    \ ,\   Q-3\'l \rT\ \ Q* pka\0\0\0IDAT*        w -%   \ \ tJ \ ~ )N  \ \ ߓ ⣮\ \Z \ \ ϟs\ ֚ ^k{c\\^ o \ 秧\   \ ֆ\ x<-f\ \ 6\  =<=~ <\ <\ o~ ?     \  ~ \  |V\ ? \ O\  \    _  > \'  \ \ K կ~[\  O \ \   \ === ; 5   \ \ \ \ w  \  o~ v  \ \   z  R^\ ._~ \  \   w ǿ  \ DD \ \ _\ q\ r  6j   \  \ ? \    =\"#\ T&\"Z\ Uu<<<\ + |\0\0\0IDAT\  \ ߿~ j*b\"  \'v \ w\ \ Mq\ !b\ \ 1 ɁQ\ \0\ \ N   RP   \ 1@\ \ SU  B[r\ \\\ \ }ӧ f`   6 ) b .1    L Ja  `-	 9#R\ fKK \ 5NՓ \ \ \ M\0 ͢ cf́( S Zf  \ \ 8T \ % j9z \\J	\ 
 \ \ И4\ \\J  \ 4:\  SR\" r: 2\  c\ \ w
   LDl    @s\ 4E\r\ \ m\ S   ~ )\"\ \ 1ᔧ , 33? )\Z\ %\0\0\0IDAT y  \ cz\ \r \  ~wb [  cX  Μ\ ĹN9W@܇ +\" \   RJe qp5\0R cv\ \ kp\ ΐ\'\'  \ a ? f   P  ?\ 8:  Qm:\ i\ \0 9  #  JY\ /\0\ $  8  5.  p\ jf\  p\ \ p DrP1 \ a  \  \ \\ (1ƕ#  b   Ȑ is\ !FlH	 \"q   9eN R l#5DmGD\ TL   \ \r\ \ H k. K\ sEe t5DU3P   r$$Prdq\ * \ t:S.N$  4ԭ +\ \0\0\0IDAT qt)\ \ \\\  \ (\'f  \0^__/\ /f ,K   \'tuUI\ Ps9/G \ #:a  \ \ \ q0bf: (  L\ 4\ >)   sJ 65, \ \ 53 \ \n& \" \\8D   q    (5 @\ \ r\0wU)  )bp a 4̸  JB   .  &Uj \ S  , NDpy >Fc\ F֦#{\ 44\  & cF \ 3  \ 0 \ \ \ )    ~ \ \  =AD M\ \ x ҽ =H ) \   mw C% \ f\ }ߑ` \ {Ϲ9HJ\ Ф\ \0\0\0IDATF}_3 }   + _oo}[___ y]W\0sqL [   9>F  \ \ S   \"\\\   /  \ \ ˥    Y\ \ \ \ R` _C\ ڶ  60   N] ՚ ? [۟_n\ ~ \ o\ \ 9\ ] x X  ! {
 hۻsAѵ \ е\  \ UU  \ RJ\  z \ J\ Z e\  h\"G\ _\ s\r)hM \  \ CL \0  \ pO   \ { 6\0\"r\ \  (B\ \  c\ ¹.\ \ i>?\   \ #  \0E}  ¾ \"!  \  u\ \ 0\ ]& \0\0\0IDAT DDf\ $ c o[\ 9! E 1` \'P\   n \"z\ \  =% _\0 >\ \ - VD4ӐLU5 ff 0jNUm *(mLS k! \ )\ \" բ \ \ ^ /e\0   \r c  B @\ {G\    S        i \ ?~   Tu } q}y  \ \  ò  s\  \ |\   |\  N \Z@*% c\' z%6 !  B# ! \ m  H   \ h\ J\ o۶ Г  D 	\0T\ -0\r  \ \  @\ QB\ Sa\"rBs \ n   {J=d{-\0\0\0IDAT\ LE\ ] =>\    m-M\ \\ \  PO\ T <LsY    \ \ \ upr75wn\ j   ޻uSu   \ 	
,  \   hG\Z\r\0 }  h8  { x1 \ l]oQ  \Z $\0\0\ \ \ \ i  c .\ {\   ~( \\. \ \"\" ضm\  C  L\ ,\ ?. ,\ \  ض\    K KL)}zzJ)Ք\  n% _~ \ \ b&p\ \ \0  h*L\ \   X  jíǀ      \   # i^ّS0m낈Ή t@΅\"E \ \0\0\0IDATTU   Bd4F`\' s df   \ l\  t> \ s 5gN)Qbu \   |\ \ \ fĜ >  `Dt@ 8@  \ 4 : 6t  J  Fꄼ,gF\ 9 \" [\  O\  \0 * \Z  } h G6  DK  \0y B\0 ,      x{{a }\ D\ S23sqK\ \ &a{\   I k\ \ \\s\ n   ~, f \ \ ֆp֙ 	    \   \ /Q  N\'wdfUC ֺ\ \ F͔ % \r C JG\ :\"   \ \ &    BH  \0\0\0IDAT E  ^kM HS6\"R\ )!S0 Pf\ )%\ L S \ !q\ \\bv   Zkn\Z # @Υp(g) x\ [  \ \ 9 3  L%\"  11?  ڴ
%JD=  !&$E 70Gw|xz\ \ i  c\ `8  \ pQ\ \ S\ TL Y}{ @<\nA3p1 ΀LPSŌv \ Н k  \  a u\ \ DȞ B  \ [\ fǹ\    Df\"\ A\ \\Zkc  \ Q \  \ v %\ \ \ \ e \ \ZX$\ xD9j\ 7FS5\ \ \ T\ A\ JD\ {\ Ni\0\0\0IDAT ` \ >L  \ \ SI\  lԚ ^  }߬  6 e) \ 4lw &     5 ｛Sb5ʡ  \Z%vSwus s b\"3  7)	9\ vч\ \ ɓ ĉ  9r L \n \ ^ Ɠ:\ZR \ c\ \ \ \ @flN  1   :sV  sNPw02u4k\0\ \ z g K%/ j\ fε\ \ i^\ Q crv  eW@%tSu  )Sb \ @ \ \ \  P\n\ \0ĝ N <O  }+ !\ jΦD  9L  \ T-swd\ NL \ Zk 1 f\ \ \ V8\ q \0\0\0IDAT \ Mt\  3\  \ \ \ DTS2ɀ   vym \ \ \ 
\ J\ \ \ \0  \ af  \ ?1rV   \ 2 
9Xo/ |E\  )\"  ? Ӻ̹ \ j)   }F*) {\   p \ T \ \ w 3g1 \ I\  \0  9Z\ 9\0; J$ Rrb s\"d\0 -(\ \ \ \  a9M  \ \"\"G=~P&9z  M\ ,Wv<\ @ X\ jNT   K: \ q\     \ d\ \ * \ \ \0 \ \0QJ \ \\\ )N \    Aɇ   C\ d`F >\ f\ \ \ Z =\0\0\0IDATr&v\ \0 \ n8   Ab F\n\ G\n c D  \    ݬϵ S E o\  I3 \ \ PD \ \r : L 鰡C 5 \ *	  \ \ nq\ 4\ \ ݁S}\' (p#\  EDFB  ,  \ 4 v{U\0#\"S \ I)e.[ SuBp\ w \ \ wU0i\ \ Ao  ) \ DD1J \ \"E  \ ] =\ \ 1!  0 x/L \ 2T39    #pN@Dx0\ @  Ʉ\  >\ d6E\ \0&\ Z >  \ 3\  \ NKM  x  9M ˟ \0\0\0IDATS͵D ͽ \ p   \ \ ct  R\ f\ 6f  %33 g 1\ 4TD\0а\ \Z|(    (f\'Z EsW=/   \ \ \ \ \   h7t \ \ Dݝ\ \ D\ } S\ 	\ Tu]\ \ \ o \   \     \ ;\  \ Ij     <B    lX\ ꙙt%J9\ ~ \"D~\Z     s \ ̜uX\ \ \r9 \  _ \  mD   H   \ ޻-  E\ |\\ ߾80 f } \ \ =2 \ 7\ 0},%xd\    \ \0  \ \ J٧iX !\0\0\0IDATI \ ᪍5Ɵ\ \  0       9\ <\ \ Ǉ\ \ 4\ ʼ$\  |*  \ (\n( EJ\ b2  \ :EZg\ i Y\ #!\ =  \ \ GtΑB\ UM9   3? O\ 7Dxx@r0 2\ \ \ \ \ \   <\ _>= \ ֶ\r\0\ \   ={\ \ 779\  @fb.  \ f) \ \Zn ` n   \   +\0L5 \   3#    kJ\ M }XN \ Ȉ8  6\ r*     \  emr  8gsr  Z  B: ä\n  w  ǋ\ \0\0\0IDAT /4  \ {  \ B@\ V\  \ q>\ 33C GC \ ? @  jc\ \Z\ 5qvwBV   \ \  P(!6\r\   H \ Q\ \0  < \ i RJ H!+\0D\ ȁ  0\ C\ b@C >\ \ \"  +*    wWx   \ \'l  & {*\ 2\\\ ]p } ]/	/  c X  7bdf\ \ \ \ m]\ eY\ \  v\  jf  \ i \   \ \ o +  =8 fVJrGӸ\  =p  	\ C[A 4p 6 ́ED      \ ;\'T\ }_   !P ? \ Z a  \ w\ 2%\ \0\0\0IDAT\ Vn \ \ \   \ ۥ\ !nH\0 \  q\    \0Ѓ}	\ \ \ x  #8s\ F 5-&\ 0f 0\ ;3\ \ ÛI   ,hyH\ c \ z\ \ \ kn&m\ b]df X/     #  \ \ Fk\r  w@8  \ \Z }\ jR ՘8U D !\ F >\ ꗻ;   j\ f\ 5  G\  \ \ \ @\ \ \ \  \0\   \ \  \ \ M \ \ +  \ #̢\ ` \ \   [\ \ t R/]S\" \ [  \  :\ ?T= \ 6 1  QJ\ @  \ a*\ \ h ,h~ \0\0\0IDAT\r.03sP    \   \0 :D\ ~1Sկ     u EĆ w     B | $I\ sΆ f 7     PO\  Ds t\ \ \ #\ Gv\0  f ?P   ?\ \  ;\ \ ݉3 /ֈ  \ E\ \ \ \ Иl? ΀ a@\  /Q \  @\ 8, 3\ p\  \0\ A\ X f D jd)ݝ# G! T;e\ o  !.[\  Q\r    \\\ \ \  ѡ  C\Z \ \ \ \ Sb\ Ç]J   n:ڶ1H\ s   0   \ $3k ѻG$ \ \0\0\0IDAT. ~< \rס2@E@	\ D  Hmrg\ `\ w 1FD U8\"~_  R\ \ \ a\ >  ~G\ \ ^j  8D\" (\ \\\  \ \ ߻\ 
	\ nn~d$Xp׈\"ȃ\0L\ b\  \ \  ;P>\ \ \ \ \ } )TSpFSPs7 S (  \  \0H\ \ k7K\ x8\ !  T\ ?RnЙ  \ \ \ \ \ \0ц4 \ quj     bPnMB\'
o q \ \ \ 1<\ L\ EU#.Y\ o \   E{)%Ҭ  \0 }\ Ed_ Zk u  \ \   \ t ʐ6\ s),F \0\0\0IDAT)ʩ\ \Z\    \ \"Ao     $ O\  \  \ T]\ \ 	\ )   H Y\r{\ ӃH   	\rM\  \ \ sΉ   \"R3`\ \ \ P\ \ \ \n3q\  K\       E \ w3pTVP 3/ a\  V}[  \ ;
:p^\' 7 `VU \", |\'bB \ B\ D ao y\ D f\ n\ n ]D u~|+\ *jWw5U  \ b\\P@\Zݑ\ {.D%At肬\  j    
-㣜\ 8 !\ `Yn\0\ C\   #bp*c QՉRN\ \ cc5\0\0\0 IDAT Uݷ  ѓ\r	#\  ͉r  v9w7 0       q\" Q%  i1O\ `  $s4SB kv%%#R  SG\ Ġ 00E7F\ ı\ \0\ P   wJ  T \"\0v   \ Aduu\ 8\ Z\" Nx<   + \ }ύ#֭h}  @Hf \ \r   ܁9 \ OB@~  R\0w0;D  	\ C  \ [ k\0\0\0\0IEND B` '),(1022,'ASIN: B000MNP2GT',1017,'Camelot',NULL,1002,'1998-05-15',1003,'2023-12-11',1003,'2023-12-11',NULL,NULL),(1023,'ASIN: B000MNP2KI',1013,'Casino Royale',NULL,1004,'2007-03-13',1003,'2023-12-11',1003,'2023-12-11',NULL,NULL),(1024,'ASIN: B000MNP2K8',1017,'Casino Royale',NULL,1004,'2007-03-13',1003,'2023-12-11',1003,'2023-12-11',NULL,NULL),(1025,'ASIN: B00005JLBE',1013,'Die Another Day',NULL,1004,'2003-06-03',1003,'2023-12-11',1003,'2023-12-11',NULL,NULL),(1026,'ASIN: B00008S2SF',1017,'Die Another Day',NULL,1004,'2003-06-03',1003,'2023-12-11',1003,'2023-12-11',NULL,NULL),(1027,'ASIN: B00005JLBE',1013,'Die Another Day','2-Disc Ultimate Version',1004,'2003-06-03',1003,'2023-12-11',1003,'2023-12-11',NULL,NULL),(1028,'ASIN: B00000K0E5',1013,'Golden Eye','Special Edition',1004,'2003-06-03',1003,'2023-12-11',1003,'2023-12-11',NULL,NULL),(1029,'ASIN: B000M53GM2',1013,'Golden Eye',NULL,1004,'2003-06-03',1003,'2023-12-11',1003,'2023-12-11',NULL,NULL),(1030,'ASIN: 6304916558',1013,'Tomorrow Never Dies',NULL,1004,'1998-05-13',1003,'2023-12-11',1003,'2023-12-11',NULL,NULL),(1031,'ASIN: B00000K0EA',1013,'Tomorrow Never Dies','Special Edition',1004,'2000-05-16',1003,'2023-12-11',1003,'2023-12-11',NULL,NULL),(1032,'ASIN: B000NIBURQ',1013,'The World Is Not Enough',NULL,1004,'2007-05-22',1003,'2023-12-11',1003,'2023-12-11',NULL,NULL),(1033,'ASIN: B00003CX95',1013,'Brave Heart',NULL,1005,'2000-08-29',1003,'2023-12-11',1003,'2023-12-11',NULL,NULL),(1034,'ASIN: B00000K3CJ',1013,'Christmas Carol',NULL,1002,'1999-10-05',1003,'2023-12-11',1003,'2023-12-11',NULL,NULL),(1035,'ASIN: B0000AQS5D',1013,'Scrooge',NULL,1003,'1998-10-21',1003,'2023-12-11',1003,'2023-12-11',NULL,NULL),(1036,'ASIN: 6305127719',1013,'Clear and Present Danger',NULL,1004,'1998-10-21',1003,'2023-12-11',1003,'2023-12-11',NULL,NULL),(1037,'ASIN: B00008K76V',1013,'Clear and Present Danger','Special Collector\'s Edition',1004,'2003-05-06',1003,'2023-12-11',1003,'2023-12-11',NULL,NULL),(1038,'ASIN: B00003CXI1',1013,'Harry Potter and the Sorcerer\'s Stone','Two-Disc Special Edition',1003,'2002-05-28',1003,'2023-12-11',1003,'2023-12-11',NULL,NULL),(1040,'ASIN: B00008DDXC',1013,'Harry Potter and the Chamber of Secrets','Two-Disc Special Edition',1003,'2002-05-28',1003,'2023-12-11',1003,'2023-12-11',NULL,NULL),(1041,'ASIN: B00008DDXC',1017,'Harry Potter and the Chamber of Secrets',NULL,1003,'2002-05-28',1003,'2023-12-11',1003,'2023-12-11',NULL,NULL),(1042,'ASIN: B00005JMAH',1013,'Harry Potter and the Prisoner of Azkaban','Two-Disc Special Edition',1003,'2004-10-23',1003,'2023-12-11',1003,'2023-12-11',NULL,NULL),(1043,'ASIN: B0002TT0NW',1017,'Harry Potter and the Prisoner of Azkaban',NULL,1003,'2004-10-23',1003,'2023-12-11',1003,'2023-12-11',NULL,NULL),(1044,'ASIN: B000E6EK2Y',1013,'Harry Potter and the Goblet of Fire',NULL,1004,'2006-03-07',1003,'2023-12-11',1003,'2023-12-11',NULL,NULL),(1045,'ASIN: B000E6EK2Y',1013,'Harry Potter and the Goblet of Fire','Widescreen Edition',1004,'2006-03-07',1003,'2023-12-11',1003,'2023-12-11',NULL,NULL),(1046,'ASIN: B000E6EK38',1017,'Harry Potter and the Goblet of Fire','Two Disc Special Edition',1004,'2006-03-07',1003,'2023-12-11',1003,'2023-12-11',NULL,NULL),(1047,'ASIN: B000E6EZ3Z',1013,'Harry Potter and the Order of the Phoenix','Two Disc Special Edition',1004,'2007-12-11',1003,'2023-12-11',1003,'2023-12-11',NULL,NULL),(1048,'ASIN: B000E6E2FQ',1013,'Harry Potter and the Half Blood Prince','Two Disc Special Edition',1003,'2009-12-08',1003,'2023-12-11',1003,'2023-12-11',NULL,NULL),(1049,'ASIN: B000E54369',1013,'Harry Potter and the Deathly Hallows, Part 1','Two Disc Special Edition',1004,'2011-10-15',1003,'2023-12-11',1003,'2023-12-11',NULL,NULL),(1050,'ASIN: B000E5Q2RS',1013,'Harry Potter and the Deathly Hallows, Part 2','Two Disc Special Edition',1004,'2011-11-11',1003,'2023-12-11',1003,'2023-12-11',NULL,NULL),(1051,'ASIN: B000EHYKRS',1017,'I Remember Mama',NULL,1002,'2011-11-11',1003,'2023-12-11',1003,'2023-12-11',NULL,NULL),(1052,'786936161878',1013,'Tron','20th Anniversary Collectors Edition',1003,'2023-12-08',3,'2023-12-11',3,'2023-12-11',NULL,NULL),(1053,'4101-10422',1013,'The Avengers','',1004,'2023-12-08',3,'2023-12-11',3,'2023-12-11',NULL,NULL),(1054,'5918-1040',1013,'Thor: The Dark World','',1002,'2023-12-08',3,'2023-12-11',3,'2023-12-11',NULL,NULL);
/*!40000 ALTER TABLE `item` ENABLE KEYS */;
UNLOCK TABLES;
/*!40103 SET TIME_ZONE=@OLD_TIME_ZONE */;

/*!40101 SET SQL_MODE=@OLD_SQL_MODE */;
/*!40014 SET FOREIGN_KEY_CHECKS=@OLD_FOREIGN_KEY_CHECKS */;
/*!40014 SET UNIQUE_CHECKS=@OLD_UNIQUE_CHECKS */;
/*!40101 SET CHARACTER_SET_CLIENT=@OLD_CHARACTER_SET_CLIENT */;
/*!40101 SET CHARACTER_SET_RESULTS=@OLD_CHARACTER_SET_RESULTS */;
/*!40101 SET COLLATION_CONNECTION=@OLD_COLLATION_CONNECTION */;
/*!40111 SET SQL_NOTES=@OLD_SQL_NOTES */;

-- Dump completed on 2024-01-27 12:50:14

-- MySQL dump 10.13  Distrib 8.0.32, for Linux (x86_64)
--
-- Host: localhost    Database: studentdb
-- ------------------------------------------------------
-- Server version	8.0.35-0ubuntu0.22.04.1

/*!40101 SET @OLD_CHARACTER_SET_CLIENT=@@CHARACTER_SET_CLIENT */;
/*!40101 SET @OLD_CHARACTER_SET_RESULTS=@@CHARACTER_SET_RESULTS */;
/*!40101 SET @OLD_COLLATION_CONNECTION=@@COLLATION_CONNECTION */;
/*!50503 SET NAMES utf8 */;
/*!40103 SET @OLD_TIME_ZONE=@@TIME_ZONE */;
/*!40103 SET TIME_ZONE='+00:00' */;
/*!40014 SET @OLD_UNIQUE_CHECKS=@@UNIQUE_CHECKS, UNIQUE_CHECKS=0 */;
/*!40014 SET @OLD_FOREIGN_KEY_CHECKS=@@FOREIGN_KEY_CHECKS, FOREIGN_KEY_CHECKS=0 */;
/*!40101 SET @OLD_SQL_MODE=@@SQL_MODE, SQL_MODE='NO_AUTO_VALUE_ON_ZERO' */;
/*!40111 SET @OLD_SQL_NOTES=@@SQL_NOTES, SQL_NOTES=0 */;

--
-- Table structure for table `contact`
--

DROP TABLE IF EXISTS `contact`;
/*!40101 SET @saved_cs_client     = @@character_set_client */;
/*!50503 SET character_set_client = utf8mb4 */;
CREATE TABLE `contact` (
  `contact_id` int unsigned NOT NULL AUTO_INCREMENT,
  `member_id` int unsigned NOT NULL,
  `contact_type` int unsigned NOT NULL,
  `first_name` char(20) NOT NULL,
  `middle_name` char(20) DEFAULT NULL,
  `last_name` char(20) NOT NULL,
  `created_by` int unsigned NOT NULL,
  `creation_date` date NOT NULL,
  `last_updated_by` int unsigned NOT NULL,
  `last_update_date` date NOT NULL,
  PRIMARY KEY (`contact_id`),
  KEY `contact_fk1` (`member_id`),
  KEY `contact_fk2` (`created_by`),
  KEY `contact_fk3` (`last_updated_by`),
  CONSTRAINT `contact_fk1` FOREIGN KEY (`member_id`) REFERENCES `member` (`member_id`),
  CONSTRAINT `contact_fk2` FOREIGN KEY (`created_by`) REFERENCES `system_user` (`system_user_id`),
  CONSTRAINT `contact_fk3` FOREIGN KEY (`last_updated_by`) REFERENCES `system_user` (`system_user_id`)
) ENGINE=InnoDB AUTO_INCREMENT=1016 DEFAULT CHARSET=utf8mb3;
/*!40101 SET character_set_client = @saved_cs_client */;

--
-- Dumping data for table `contact`
--

LOCK TABLES `contact` WRITE;
/*!40000 ALTER TABLE `contact` DISABLE KEYS */;
INSERT INTO `contact` VALUES (1001,1001,1004,'Randi',NULL,'Winn',1002,'2023-12-11',1002,'2023-12-11'),(1002,1001,1004,'Brian',NULL,'Winn',1002,'2023-12-11',1002,'2023-12-11'),(1003,1002,1004,'Oscar',NULL,'Vizquel',1002,'2023-12-11',1002,'2023-12-11'),(1004,1002,1004,'Doreen',NULL,'Vizquel',1002,'2023-12-11',1002,'2023-12-11'),(1005,1003,1004,'Meaghan',NULL,'Sweeney',1002,'2023-12-11',1002,'2023-12-11'),(1006,1003,1004,'Matthew',NULL,'Sweeney',1002,'2023-12-11',1002,'2023-12-11'),(1007,1003,1004,'Ian','M','Sweeney',1002,'2023-12-11',1002,'2023-12-11'),(1008,1004,1004,'Goeffrey','Ward','Clinton',1001,'2023-12-11',1001,'2023-12-11'),(1009,1005,1004,'Wendy',NULL,'Moss',1001,'2023-12-11',1001,'2023-12-11'),(1010,1006,1004,'Simon','Jonah','Gretelz',1001,'2023-12-11',1001,'2023-12-11'),(1011,1007,1004,'Elizabeth','Jane','Royal',1001,'2023-12-11',1001,'2023-12-11'),(1012,1008,1004,'Brian','Nathan','Smith',1001,'2023-12-11',1001,'2023-12-11'),(1013,1009,1004,'Harry','James','Potter',1002,'2023-12-11',1002,'2023-12-11'),(1014,1009,1004,'Ginny',NULL,'Potter',1002,'2023-12-11',1002,'2023-12-11'),(1015,1009,1004,'Lily','Luna','Potter',1002,'2023-12-11',1002,'2023-12-11');
/*!40000 ALTER TABLE `contact` ENABLE KEYS */;
UNLOCK TABLES;
/*!40103 SET TIME_ZONE=@OLD_TIME_ZONE */;

/*!40101 SET SQL_MODE=@OLD_SQL_MODE */;
/*!40014 SET FOREIGN_KEY_CHECKS=@OLD_FOREIGN_KEY_CHECKS */;
/*!40014 SET UNIQUE_CHECKS=@OLD_UNIQUE_CHECKS */;
/*!40101 SET CHARACTER_SET_CLIENT=@OLD_CHARACTER_SET_CLIENT */;
/*!40101 SET CHARACTER_SET_RESULTS=@OLD_CHARACTER_SET_RESULTS */;
/*!40101 SET COLLATION_CONNECTION=@OLD_COLLATION_CONNECTION */;
/*!40111 SET SQL_NOTES=@OLD_SQL_NOTES */;

-- Dump completed on 2024-01-27 12:50:14

-- MySQL dump 10.13  Distrib 8.0.32, for Linux (x86_64)
--
-- Host: localhost    Database: studentdb
-- ------------------------------------------------------
-- Server version	8.0.35-0ubuntu0.22.04.1

/*!40101 SET @OLD_CHARACTER_SET_CLIENT=@@CHARACTER_SET_CLIENT */;
/*!40101 SET @OLD_CHARACTER_SET_RESULTS=@@CHARACTER_SET_RESULTS */;
/*!40101 SET @OLD_COLLATION_CONNECTION=@@COLLATION_CONNECTION */;
/*!50503 SET NAMES utf8 */;
/*!40103 SET @OLD_TIME_ZONE=@@TIME_ZONE */;
/*!40103 SET TIME_ZONE='+00:00' */;
/*!40014 SET @OLD_UNIQUE_CHECKS=@@UNIQUE_CHECKS, UNIQUE_CHECKS=0 */;
/*!40014 SET @OLD_FOREIGN_KEY_CHECKS=@@FOREIGN_KEY_CHECKS, FOREIGN_KEY_CHECKS=0 */;
/*!40101 SET @OLD_SQL_MODE=@@SQL_MODE, SQL_MODE='NO_AUTO_VALUE_ON_ZERO' */;
/*!40111 SET @OLD_SQL_NOTES=@@SQL_NOTES, SQL_NOTES=0 */;

--
-- Temporary view structure for view `current_rental`
--

DROP TABLE IF EXISTS `current_rental`;
/*!50001 DROP VIEW IF EXISTS `current_rental`*/;
SET @saved_cs_client     = @@character_set_client;
/*!50503 SET character_set_client = utf8mb4 */;
/*!50001 CREATE VIEW `current_rental` AS SELECT 
 1 AS `account_number`,
 1 AS `full_name`,
 1 AS `TITLE`,
 1 AS `SUBTITLE`,
 1 AS `PRODUCT`,
 1 AS `check_out_date`,
 1 AS `return_date`*/;
SET character_set_client = @saved_cs_client;

--
-- Temporary view structure for view `contacts`
--

DROP TABLE IF EXISTS `contacts`;
/*!50001 DROP VIEW IF EXISTS `contacts`*/;
SET @saved_cs_client     = @@character_set_client;
/*!50503 SET character_set_client = utf8mb4 */;
/*!50001 CREATE VIEW `contacts` AS SELECT 
 1 AS `account_number`,
 1 AS `full_name`,
 1 AS `city`,
 1 AS `state_province`*/;
SET character_set_client = @saved_cs_client;

--
-- Final view structure for view `current_rental`
--

/*!50001 DROP VIEW IF EXISTS `current_rental`*/;
/*!50001 SET @saved_cs_client          = @@character_set_client */;
/*!50001 SET @saved_cs_results         = @@character_set_results */;
/*!50001 SET @saved_col_connection     = @@collation_connection */;
/*!50001 SET character_set_client      = utf8mb4 */;
/*!50001 SET character_set_results     = utf8mb4 */;
/*!50001 SET collation_connection      = utf8mb4_0900_ai_ci */;
/*!50001 CREATE ALGORITHM=UNDEFINED */
/*!50013 DEFINER=`student`@`localhost` SQL SECURITY DEFINER */
/*!50001 VIEW `current_rental` AS select `m`.`account_number` AS `account_number`,(case when (`c`.`middle_name` is not null) then concat(`c`.`first_name`,' ',`c`.`middle_name`,' ',`c`.`last_name`) else concat(`c`.`first_name`,' ',`c`.`last_name`) end) AS `full_name`,`i`.`item_title` AS `TITLE`,`i`.`item_subtitle` AS `SUBTITLE`,substr(`cl`.`common_lookup_meaning`,1,3) AS `PRODUCT`,`r`.`check_out_date` AS `check_out_date`,`r`.`return_date` AS `return_date` from (((((`common_lookup` `cl` join `contact` `c`) join `item` `i`) join `member` `m`) join `rental` `r`) join `rental_item` `ri`) where ((`r`.`customer_id` = `c`.`contact_id`) and (`r`.`rental_id` = `ri`.`rental_id`) and (`ri`.`item_id` = `i`.`item_id`) and (`i`.`item_type` = `cl`.`common_lookup_id`) and (`c`.`member_id` = `m`.`member_id`)) order by `m`.`account_number`,(case when (`c`.`middle_name` is not null) then concat(`c`.`first_name`,' ',`c`.`middle_name`,' ',`c`.`last_name`) else concat(`c`.`first_name`,' ',`c`.`last_name`) end),`i`.`item_title` */;
/*!50001 SET character_set_client      = @saved_cs_client */;
/*!50001 SET character_set_results     = @saved_cs_results */;
/*!50001 SET collation_connection      = @saved_col_connection */;

--
-- Final view structure for view `contacts`
--

/*!50001 DROP VIEW IF EXISTS `contacts`*/;
/*!50001 SET @saved_cs_client          = @@character_set_client */;
/*!50001 SET @saved_cs_results         = @@character_set_results */;
/*!50001 SET @saved_col_connection     = @@collation_connection */;
/*!50001 SET character_set_client      = utf8mb4 */;
/*!50001 SET character_set_results     = utf8mb4 */;
/*!50001 SET collation_connection      = utf8mb4_0900_ai_ci */;
/*!50001 CREATE ALGORITHM=UNDEFINED */
/*!50013 DEFINER=`student`@`localhost` SQL SECURITY DEFINER */
/*!50001 VIEW `contacts` AS select `m`.`account_number` AS `account_number`,(case when (`c`.`middle_name` is not null) then concat(`c`.`first_name`,' ',`c`.`middle_name`,' ',`c`.`last_name`) else concat(`c`.`first_name`,' ',`c`.`last_name`) end) AS `full_name`,`a`.`city` AS `city`,`a`.`state_province` AS `state_province` from ((`member` `m` join `contact` `c` on((`m`.`member_id` = `c`.`member_id`))) join `address` `a` on((`c`.`contact_id` = `a`.`contact_id`))) */;
/*!50001 SET character_set_client      = @saved_cs_client */;
/*!50001 SET character_set_results     = @saved_cs_results */;
/*!50001 SET collation_connection      = @saved_col_connection */;
/*!40103 SET TIME_ZONE=@OLD_TIME_ZONE */;

/*!40101 SET SQL_MODE=@OLD_SQL_MODE */;
/*!40014 SET FOREIGN_KEY_CHECKS=@OLD_FOREIGN_KEY_CHECKS */;
/*!40014 SET UNIQUE_CHECKS=@OLD_UNIQUE_CHECKS */;
/*!40101 SET CHARACTER_SET_CLIENT=@OLD_CHARACTER_SET_CLIENT */;
/*!40101 SET CHARACTER_SET_RESULTS=@OLD_CHARACTER_SET_RESULTS */;
/*!40101 SET COLLATION_CONNECTION=@OLD_COLLATION_CONNECTION */;
/*!40111 SET SQL_NOTES=@OLD_SQL_NOTES */;

-- Dump completed on 2024-01-27 12:50:15
-- MySQL dump 10.13  Distrib 8.0.32, for Linux (x86_64)
--
-- Host: localhost    Database: studentdb
-- ------------------------------------------------------
-- Server version	8.0.35-0ubuntu0.22.04.1

/*!40101 SET @OLD_CHARACTER_SET_CLIENT=@@CHARACTER_SET_CLIENT */;
/*!40101 SET @OLD_CHARACTER_SET_RESULTS=@@CHARACTER_SET_RESULTS */;
/*!40101 SET @OLD_COLLATION_CONNECTION=@@COLLATION_CONNECTION */;
/*!50503 SET NAMES utf8 */;
/*!40103 SET @OLD_TIME_ZONE=@@TIME_ZONE */;
/*!40103 SET TIME_ZONE='+00:00' */;
/*!40014 SET @OLD_UNIQUE_CHECKS=@@UNIQUE_CHECKS, UNIQUE_CHECKS=0 */;
/*!40014 SET @OLD_FOREIGN_KEY_CHECKS=@@FOREIGN_KEY_CHECKS, FOREIGN_KEY_CHECKS=0 */;
/*!40101 SET @OLD_SQL_MODE=@@SQL_MODE, SQL_MODE='NO_AUTO_VALUE_ON_ZERO' */;
/*!40111 SET @OLD_SQL_NOTES=@@SQL_NOTES, SQL_NOTES=0 */;

--
-- Table structure for table `system_user`
--

DROP TABLE IF EXISTS `system_user`;
/*!40101 SET @saved_cs_client     = @@character_set_client */;
/*!50503 SET character_set_client = utf8mb4 */;
CREATE TABLE `system_user` (
  `system_user_id` int unsigned NOT NULL AUTO_INCREMENT,
  `system_user_name` char(20) NOT NULL,
  `system_user_group_id` int unsigned NOT NULL,
  `system_user_type` int unsigned NOT NULL,
  `first_name` char(20) DEFAULT NULL,
  `middle_name` char(20) DEFAULT NULL,
  `last_name` char(20) DEFAULT NULL,
  `created_by` int unsigned NOT NULL,
  `creation_date` date NOT NULL,
  `last_updated_by` int unsigned NOT NULL,
  `last_update_date` date NOT NULL,
  PRIMARY KEY (`system_user_id`),
  KEY `system_user_fk1` (`created_by`),
  KEY `system_user_fk2` (`last_updated_by`),
  CONSTRAINT `system_user_fk1` FOREIGN KEY (`created_by`) REFERENCES `system_user` (`system_user_id`),
  CONSTRAINT `system_user_fk2` FOREIGN KEY (`last_updated_by`) REFERENCES `system_user` (`system_user_id`)
) ENGINE=InnoDB AUTO_INCREMENT=1005 DEFAULT CHARSET=utf8mb3;
/*!40101 SET character_set_client = @saved_cs_client */;

--
-- Dumping data for table `system_user`
--

LOCK TABLES `system_user` WRITE;
/*!40000 ALTER TABLE `system_user` DISABLE KEYS */;
INSERT INTO `system_user` VALUES (1001,'SYSADMIN',1,1,NULL,NULL,NULL,1001,'2023-12-11',1001,'2023-12-11'),(1002,'DBA',2,1,'Samuel',NULL,'Adams',1001,'2023-12-11',1001,'2023-12-11'),(1003,'DBA',2,1,'Patrick',NULL,'Henry',1001,'2023-12-11',1001,'2023-12-11'),(1004,'DBA',2,1,'Manmohan',NULL,'Puri',1001,'2023-12-11',1001,'2023-12-11');
/*!40000 ALTER TABLE `system_user` ENABLE KEYS */;
UNLOCK TABLES;
/*!40103 SET TIME_ZONE=@OLD_TIME_ZONE */;

/*!40101 SET SQL_MODE=@OLD_SQL_MODE */;
/*!40014 SET FOREIGN_KEY_CHECKS=@OLD_FOREIGN_KEY_CHECKS */;
/*!40014 SET UNIQUE_CHECKS=@OLD_UNIQUE_CHECKS */;
/*!40101 SET CHARACTER_SET_CLIENT=@OLD_CHARACTER_SET_CLIENT */;
/*!40101 SET CHARACTER_SET_RESULTS=@OLD_CHARACTER_SET_RESULTS */;
/*!40101 SET COLLATION_CONNECTION=@OLD_COLLATION_CONNECTION */;
/*!40111 SET SQL_NOTES=@OLD_SQL_NOTES */;

-- Dump completed on 2024-01-27 12:50:14


-- MySQL dump 10.13  Distrib 8.0.32, for Linux (x86_64)
--
-- Host: localhost    Database: studentdb
-- ------------------------------------------------------
-- Server version	8.0.35-0ubuntu0.22.04.1

/*!40101 SET @OLD_CHARACTER_SET_CLIENT=@@CHARACTER_SET_CLIENT */;
/*!40101 SET @OLD_CHARACTER_SET_RESULTS=@@CHARACTER_SET_RESULTS */;
/*!40101 SET @OLD_COLLATION_CONNECTION=@@COLLATION_CONNECTION */;
/*!50503 SET NAMES utf8 */;
/*!40103 SET @OLD_TIME_ZONE=@@TIME_ZONE */;
/*!40103 SET TIME_ZONE='+00:00' */;
/*!40014 SET @OLD_UNIQUE_CHECKS=@@UNIQUE_CHECKS, UNIQUE_CHECKS=0 */;
/*!40014 SET @OLD_FOREIGN_KEY_CHECKS=@@FOREIGN_KEY_CHECKS, FOREIGN_KEY_CHECKS=0 */;
/*!40101 SET @OLD_SQL_MODE=@@SQL_MODE, SQL_MODE='NO_AUTO_VALUE_ON_ZERO' */;
/*!40111 SET @OLD_SQL_NOTES=@@SQL_NOTES, SQL_NOTES=0 */;

--
-- Table structure for table `street_address`
--

DROP TABLE IF EXISTS `street_address`;
/*!40101 SET @saved_cs_client     = @@character_set_client */;
/*!50503 SET character_set_client = utf8mb4 */;
CREATE TABLE `street_address` (
  `street_address_id` int unsigned NOT NULL AUTO_INCREMENT,
  `address_id` int unsigned NOT NULL,
  `street_address` char(30) NOT NULL,
  `created_by` int unsigned NOT NULL,
  `creation_date` date NOT NULL,
  `last_updated_by` int unsigned NOT NULL,
  `last_update_date` date NOT NULL,
  PRIMARY KEY (`street_address_id`),
  KEY `street_address_fk1` (`address_id`),
  KEY `street_address_fk2` (`created_by`),
  KEY `street_address_fk3` (`last_updated_by`),
  CONSTRAINT `street_address_fk1` FOREIGN KEY (`address_id`) REFERENCES `address` (`address_id`),
  CONSTRAINT `street_address_fk2` FOREIGN KEY (`created_by`) REFERENCES `system_user` (`system_user_id`),
  CONSTRAINT `street_address_fk3` FOREIGN KEY (`last_updated_by`) REFERENCES `system_user` (`system_user_id`)
) ENGINE=InnoDB AUTO_INCREMENT=1016 DEFAULT CHARSET=utf8mb3;
/*!40101 SET character_set_client = @saved_cs_client */;

--
-- Dumping data for table `street_address`
--

LOCK TABLES `street_address` WRITE;
/*!40000 ALTER TABLE `street_address` DISABLE KEYS */;
INSERT INTO `street_address` VALUES (1001,1001,'10 El Camino Real',1002,'2023-12-11',1002,'2023-12-11'),(1002,1002,'10 El Camino Real',1002,'2023-12-11',1002,'2023-12-11'),(1003,1003,'12 El Camino Real',1002,'2023-12-11',1002,'2023-12-11'),(1004,1004,'12 El Camino Real',1002,'2023-12-11',1002,'2023-12-11'),(1005,1005,'14 El Camino Real',1002,'2023-12-11',1002,'2023-12-11'),(1006,1006,'14 El Camino Real',1002,'2023-12-11',1002,'2023-12-11'),(1007,1007,'14 El Camino Real',1002,'2023-12-11',1002,'2023-12-11'),(1008,1008,'118 South 9th East',1001,'2023-12-11',1001,'2023-12-11'),(1009,1009,'1218 South 10th East',1001,'2023-12-11',1001,'2023-12-11'),(1010,1010,'2118 South 7th East',1001,'2023-12-11',1001,'2023-12-11'),(1011,1011,'2228 South 14th East',1001,'2023-12-11',1001,'2023-12-11'),(1012,1012,'333 North 2nd East',1001,'2023-12-11',1001,'2023-12-11'),(1013,1013,'900 E, 300 N',1002,'2023-12-11',1002,'2023-12-11'),(1014,1014,'900 E, 300 N',1002,'2023-12-11',1002,'2023-12-11'),(1015,1015,'900 E, 300 N',1002,'2023-12-11',1002,'2023-12-11');
/*!40000 ALTER TABLE `street_address` ENABLE KEYS */;
UNLOCK TABLES;
/*!40103 SET TIME_ZONE=@OLD_TIME_ZONE */;

/*!40101 SET SQL_MODE=@OLD_SQL_MODE */;
/*!40014 SET FOREIGN_KEY_CHECKS=@OLD_FOREIGN_KEY_CHECKS */;
/*!40014 SET UNIQUE_CHECKS=@OLD_UNIQUE_CHECKS */;
/*!40101 SET CHARACTER_SET_CLIENT=@OLD_CHARACTER_SET_CLIENT */;
/*!40101 SET CHARACTER_SET_RESULTS=@OLD_CHARACTER_SET_RESULTS */;
/*!40101 SET COLLATION_CONNECTION=@OLD_COLLATION_CONNECTION */;
/*!40111 SET SQL_NOTES=@OLD_SQL_NOTES */;

-- Dump completed on 2024-01-27 12:50:14

-- MySQL dump 10.13  Distrib 8.0.32, for Linux (x86_64)
--
-- Host: localhost    Database: studentdb
-- ------------------------------------------------------
-- Server version	8.0.35-0ubuntu0.22.04.1

/*!40101 SET @OLD_CHARACTER_SET_CLIENT=@@CHARACTER_SET_CLIENT */;
/*!40101 SET @OLD_CHARACTER_SET_RESULTS=@@CHARACTER_SET_RESULTS */;
/*!40101 SET @OLD_COLLATION_CONNECTION=@@COLLATION_CONNECTION */;
/*!50503 SET NAMES utf8 */;
/*!40103 SET @OLD_TIME_ZONE=@@TIME_ZONE */;
/*!40103 SET TIME_ZONE='+00:00' */;
/*!40014 SET @OLD_UNIQUE_CHECKS=@@UNIQUE_CHECKS, UNIQUE_CHECKS=0 */;
/*!40014 SET @OLD_FOREIGN_KEY_CHECKS=@@FOREIGN_KEY_CHECKS, FOREIGN_KEY_CHECKS=0 */;
/*!40101 SET @OLD_SQL_MODE=@@SQL_MODE, SQL_MODE='NO_AUTO_VALUE_ON_ZERO' */;
/*!40111 SET @OLD_SQL_NOTES=@@SQL_NOTES, SQL_NOTES=0 */;

--
-- Table structure for table `rental_item`
--

DROP TABLE IF EXISTS `rental_item`;
/*!40101 SET @saved_cs_client     = @@character_set_client */;
/*!50503 SET character_set_client = utf8mb4 */;
CREATE TABLE `rental_item` (
  `rental_item_id` int unsigned NOT NULL AUTO_INCREMENT,
  `rental_id` int unsigned NOT NULL,
  `item_id` int unsigned NOT NULL,
  `created_by` int unsigned NOT NULL,
  `creation_date` date NOT NULL,
  `last_updated_by` int unsigned NOT NULL,
  `last_update_date` date NOT NULL,
  `rental_item_type` int unsigned DEFAULT NULL,
  `rental_item_price` int unsigned DEFAULT NULL,
  PRIMARY KEY (`rental_item_id`),
  KEY `rental_item_fk1` (`rental_id`),
  KEY `rental_item_fk2` (`item_id`),
  KEY `rental_item_fk3` (`created_by`),
  KEY `rental_item_fk4` (`last_updated_by`),
  KEY `fk_rental_item_7` (`rental_item_type`),
  CONSTRAINT `fk_rental_item_7` FOREIGN KEY (`rental_item_type`) REFERENCES `common_lookup` (`common_lookup_id`),
  CONSTRAINT `rental_item_fk1` FOREIGN KEY (`rental_id`) REFERENCES `rental` (`rental_id`),
  CONSTRAINT `rental_item_fk2` FOREIGN KEY (`item_id`) REFERENCES `item` (`item_id`),
  CONSTRAINT `rental_item_fk3` FOREIGN KEY (`created_by`) REFERENCES `system_user` (`system_user_id`),
  CONSTRAINT `rental_item_fk4` FOREIGN KEY (`last_updated_by`) REFERENCES `system_user` (`system_user_id`)
) ENGINE=InnoDB AUTO_INCREMENT=1014 DEFAULT CHARSET=utf8mb3;
/*!40101 SET character_set_client = @saved_cs_client */;

--
-- Dumping data for table `rental_item`
--

LOCK TABLES `rental_item` WRITE;
/*!40000 ALTER TABLE `rental_item` DISABLE KEYS */;
INSERT INTO `rental_item` VALUES (1001,1001,1002,1003,'2023-12-11',1003,'2023-12-11',NULL,NULL),(1002,1001,1004,1003,'2023-12-11',1003,'2023-12-11',NULL,NULL),(1003,1001,1005,1003,'2023-12-11',1003,'2023-12-11',NULL,NULL),(1004,1002,1016,1003,'2023-12-11',1003,'2023-12-11',NULL,NULL),(1005,1002,1022,1003,'2023-12-11',1003,'2023-12-11',NULL,NULL),(1006,1003,1019,1003,'2023-12-11',1003,'2023-12-11',NULL,NULL),(1007,1004,1014,1003,'2023-12-11',1003,'2023-12-11',NULL,NULL),(1008,1005,1007,1003,'2023-12-11',1003,'2023-12-11',NULL,NULL),(1009,1005,1001,1003,'2023-12-11',1003,'2023-12-11',NULL,NULL),(1010,1006,1052,1003,'2023-12-11',1003,'2023-12-11',NULL,NULL),(1011,1006,1033,1003,'2023-12-11',1003,'2023-12-11',NULL,NULL),(1012,1007,1053,1003,'2023-12-11',1003,'2023-12-11',NULL,NULL),(1013,1008,1054,1003,'2023-12-11',1003,'2023-12-11',NULL,NULL);
/*!40000 ALTER TABLE `rental_item` ENABLE KEYS */;
UNLOCK TABLES;
/*!40103 SET TIME_ZONE=@OLD_TIME_ZONE */;

/*!40101 SET SQL_MODE=@OLD_SQL_MODE */;
/*!40014 SET FOREIGN_KEY_CHECKS=@OLD_FOREIGN_KEY_CHECKS */;
/*!40014 SET UNIQUE_CHECKS=@OLD_UNIQUE_CHECKS */;
/*!40101 SET CHARACTER_SET_CLIENT=@OLD_CHARACTER_SET_CLIENT */;
/*!40101 SET CHARACTER_SET_RESULTS=@OLD_CHARACTER_SET_RESULTS */;
/*!40101 SET COLLATION_CONNECTION=@OLD_COLLATION_CONNECTION */;
/*!40111 SET SQL_NOTES=@OLD_SQL_NOTES */;

-- Dump completed on 2024-01-27 12:50:14
-- MySQL dump 10.13  Distrib 8.0.32, for Linux (x86_64)
--
-- Host: localhost    Database: studentdb
-- ------------------------------------------------------
-- Server version	8.0.35-0ubuntu0.22.04.1

/*!40101 SET @OLD_CHARACTER_SET_CLIENT=@@CHARACTER_SET_CLIENT */;
/*!40101 SET @OLD_CHARACTER_SET_RESULTS=@@CHARACTER_SET_RESULTS */;
/*!40101 SET @OLD_COLLATION_CONNECTION=@@COLLATION_CONNECTION */;
/*!50503 SET NAMES utf8 */;
/*!40103 SET @OLD_TIME_ZONE=@@TIME_ZONE */;
/*!40103 SET TIME_ZONE='+00:00' */;
/*!40014 SET @OLD_UNIQUE_CHECKS=@@UNIQUE_CHECKS, UNIQUE_CHECKS=0 */;
/*!40014 SET @OLD_FOREIGN_KEY_CHECKS=@@FOREIGN_KEY_CHECKS, FOREIGN_KEY_CHECKS=0 */;
/*!40101 SET @OLD_SQL_MODE=@@SQL_MODE, SQL_MODE='NO_AUTO_VALUE_ON_ZERO' */;
/*!40111 SET @OLD_SQL_NOTES=@@SQL_NOTES, SQL_NOTES=0 */;

--
-- Table structure for table `rating_agency`
--

DROP TABLE IF EXISTS `rating_agency`;
/*!40101 SET @saved_cs_client     = @@character_set_client */;
/*!50503 SET character_set_client = utf8mb4 */;
CREATE TABLE `rating_agency` (
  `rating_agency_id` int unsigned NOT NULL AUTO_INCREMENT,
  `rating` char(5) NOT NULL,
  `rating_agency` char(4) NOT NULL,
  `rating_agency_name` char(50) NOT NULL,
  `created_by` int unsigned NOT NULL,
  `creation_date` date NOT NULL,
  `last_updated_by` int unsigned NOT NULL,
  `last_update_date` date NOT NULL,
  PRIMARY KEY (`rating_agency_id`),
  KEY `rating_agency_fk1` (`created_by`),
  KEY `rating_agency_fk2` (`last_updated_by`),
  CONSTRAINT `rating_agency_fk1` FOREIGN KEY (`created_by`) REFERENCES `system_user` (`system_user_id`),
  CONSTRAINT `rating_agency_fk2` FOREIGN KEY (`last_updated_by`) REFERENCES `system_user` (`system_user_id`)
) ENGINE=InnoDB AUTO_INCREMENT=1009 DEFAULT CHARSET=utf8mb3;
/*!40101 SET character_set_client = @saved_cs_client */;

--
-- Dumping data for table `rating_agency`
--

LOCK TABLES `rating_agency` WRITE;
/*!40000 ALTER TABLE `rating_agency` DISABLE KEYS */;
INSERT INTO `rating_agency` VALUES (1001,'NR','MPAA','Motion Picture Association of America',1003,'2023-12-11',1003,'2023-12-11'),(1002,'G','MPAA','Motion Picture Association of America',1003,'2023-12-11',1003,'2023-12-11'),(1003,'PG','MPAA','Motion Picture Association of America',1003,'2023-12-11',1003,'2023-12-11'),(1004,'PG-13','MPAA','Motion Picture Association of America',1003,'2023-12-11',1003,'2023-12-11'),(1005,'R','MPAA','Motion Picture Association of America',1003,'2023-12-11',1003,'2023-12-11'),(1006,'E','ESRB','Entertainment Software Rating Board',1003,'2023-12-11',1003,'2023-12-11'),(1007,'M','ESRB','Entertainment Software Rating Board',1003,'2023-12-11',1003,'2023-12-11'),(1008,'T','ESRB','Entertainment Software Rating Board',1003,'2023-12-11',1003,'2023-12-11');
/*!40000 ALTER TABLE `rating_agency` ENABLE KEYS */;
UNLOCK TABLES;
/*!40103 SET TIME_ZONE=@OLD_TIME_ZONE */;

/*!40101 SET SQL_MODE=@OLD_SQL_MODE */;
/*!40014 SET FOREIGN_KEY_CHECKS=@OLD_FOREIGN_KEY_CHECKS */;
/*!40014 SET UNIQUE_CHECKS=@OLD_UNIQUE_CHECKS */;
/*!40101 SET CHARACTER_SET_CLIENT=@OLD_CHARACTER_SET_CLIENT */;
/*!40101 SET CHARACTER_SET_RESULTS=@OLD_CHARACTER_SET_RESULTS */;
/*!40101 SET COLLATION_CONNECTION=@OLD_COLLATION_CONNECTION */;
/*!40111 SET SQL_NOTES=@OLD_SQL_NOTES */;

-- Dump completed on 2024-01-27 12:50:15

-- MySQL dump 10.13  Distrib 8.0.32, for Linux (x86_64)
--
-- Host: localhost    Database: studentdb
-- ------------------------------------------------------
-- Server version	8.0.35-0ubuntu0.22.04.1

/*!40101 SET @OLD_CHARACTER_SET_CLIENT=@@CHARACTER_SET_CLIENT */;
/*!40101 SET @OLD_CHARACTER_SET_RESULTS=@@CHARACTER_SET_RESULTS */;
/*!40101 SET @OLD_COLLATION_CONNECTION=@@COLLATION_CONNECTION */;
/*!50503 SET NAMES utf8 */;
/*!40103 SET @OLD_TIME_ZONE=@@TIME_ZONE */;
/*!40103 SET TIME_ZONE='+00:00' */;
/*!40014 SET @OLD_UNIQUE_CHECKS=@@UNIQUE_CHECKS, UNIQUE_CHECKS=0 */;
/*!40014 SET @OLD_FOREIGN_KEY_CHECKS=@@FOREIGN_KEY_CHECKS, FOREIGN_KEY_CHECKS=0 */;
/*!40101 SET @OLD_SQL_MODE=@@SQL_MODE, SQL_MODE='NO_AUTO_VALUE_ON_ZERO' */;
/*!40111 SET @OLD_SQL_NOTES=@@SQL_NOTES, SQL_NOTES=0 */;

--
-- Table structure for table `common_lookup`
--

DROP TABLE IF EXISTS `common_lookup`;
/*!40101 SET @saved_cs_client     = @@character_set_client */;
/*!50503 SET character_set_client = utf8mb4 */;
CREATE TABLE `common_lookup` (
  `common_lookup_id` int unsigned NOT NULL AUTO_INCREMENT,
  `common_lookup_type` char(30) NOT NULL,
  `common_lookup_meaning` char(30) NOT NULL,
  `created_by` int unsigned NOT NULL,
  `creation_date` date NOT NULL,
  `last_updated_by` int unsigned NOT NULL,
  `last_update_date` date NOT NULL,
  `common_lookup_table` varchar(30) NOT NULL,
  `common_lookup_column` varchar(30) NOT NULL,
  `common_lookup_code` varchar(30) DEFAULT NULL,
  PRIMARY KEY (`common_lookup_id`),
  UNIQUE KEY `common_lookup` (`common_lookup_table`,`common_lookup_type`),
  KEY `common_lookup_fk1` (`created_by`),
  KEY `common_lookup_fk2` (`last_updated_by`),
  CONSTRAINT `common_lookup_fk1` FOREIGN KEY (`created_by`) REFERENCES `system_user` (`system_user_id`),
  CONSTRAINT `common_lookup_fk2` FOREIGN KEY (`last_updated_by`) REFERENCES `system_user` (`system_user_id`)
) ENGINE=InnoDB AUTO_INCREMENT=1028 DEFAULT CHARSET=utf8mb3;
/*!40101 SET character_set_client = @saved_cs_client */;

--
-- Dumping data for table `common_lookup`
--

LOCK TABLES `common_lookup` WRITE;
/*!40000 ALTER TABLE `common_lookup` DISABLE KEYS */;
INSERT INTO `common_lookup` VALUES (1001,'SYSTEM_ADMIN','System Administrator',1001,'2023-12-11',1001,'2023-12-11','SYSTEM_USER','SYSTEM_USER_ID',NULL),(1002,'DBA','Database Administrator',1001,'2023-12-11',1001,'2023-12-11','SYSTEM_USER','SYSTEM_USER_ID',NULL),(1003,'EMPLOYEE','Employee',1001,'2023-12-11',1001,'2023-12-11','CONTACT','CONTACT_TYPE',NULL),(1004,'CUSTOMER','Customer',1001,'2023-12-11',1001,'2023-12-11','CONTACT','CONTACT_TYPE',NULL),(1005,'INDIVIDUAL','Individual Membership',1001,'2023-12-11',1001,'2023-12-11','MEMBER','MEMBER_TYPE',NULL),(1006,'GROUP','Group Membership',1001,'2023-12-11',1001,'2023-12-11','MEMBER','MEMBER_TYPE',NULL),(1007,'DISCOVER_CARD','Discover Card',1001,'2023-12-11',1001,'2023-12-11','MEMBER','CREDIT_CARD_TYPE',NULL),(1008,'MASTER_CARD','Master Card',1001,'2023-12-11',1001,'2023-12-11','MEMBER','CREDIT_CARD_TYPE',NULL),(1009,'VISA_CARD','VISA Card',1001,'2023-12-11',1001,'2023-12-11','MEMBER','CREDIT_CARD_TYPE',NULL),(1010,'HOME','Home',1001,'2023-12-11',1001,'2023-12-11','ADDRESS','ADDRESS_TYPE',NULL),(1011,'WORK','Work',1001,'2023-12-11',1001,'2023-12-11','ADDRESS','ADDRESS_TYPE',NULL),(1012,'DVD_FULL_SCREEN','DVD: Full Screen',1001,'2023-12-11',1001,'2023-12-11','ITEM','ITEM_TYPE',NULL),(1013,'DVD_WIDE_SCREEN','DVD: Wide Screen',1001,'2023-12-11',1001,'2023-12-11','ITEM','ITEM_TYPE',NULL),(1014,'NINTENDO_GAMECUBE','Nintendo GameCube',1001,'2023-12-11',1001,'2023-12-11','ITEM','ITEM_TYPE',NULL),(1015,'PLAYSTATION2','PlayStation2',1001,'2023-12-11',1001,'2023-12-11','ITEM','ITEM_TYPE',NULL),(1016,'XBOX','XBOX',1001,'2023-12-11',1001,'2023-12-11','ITEM','ITEM_TYPE',NULL),(1017,'BLU-RAY','Blu-ray',1001,'2023-12-11',1001,'2023-12-11','ITEM','ITEM_TYPE',NULL),(1018,'HOME','Home',1001,'2023-12-11',1001,'2023-12-11','TELEPHONE','TELEPHONE_TYPE',''),(1019,'WORK','Work',1001,'2023-12-11',1001,'2023-12-11','TELEPHONE','TELEPHONE_TYPE',''),(1020,'YES','Yes',1001,'2023-12-11',1001,'2023-12-11','PRICE','ACTIVE_FLAG','Y'),(1021,'NO','NO',1001,'2023-12-11',1001,'2023-12-11','PRICE','ACTIVE_FLAG','N'),(1022,'1-DAY RENTAL','1 Day Rental',1001,'2023-12-11',1001,'2023-12-11','PRICE','PRICE_TYPE','1'),(1023,'3-DAY RENTAL','3 Day Rental',1001,'2023-12-11',1001,'2023-12-11','PRICE','PRICE_TYPE','3'),(1024,'5-DAY RENTAL','5 Day Rental',1001,'2023-12-11',1001,'2023-12-11','PRICE','PRICE_TYPE','5'),(1025,'1-DAY RENTAL','1 Day Rental',1001,'2023-12-11',1001,'2023-12-11','RENTAL_ITEM','RENTAL_ITEM_TYPE','1'),(1026,'3-DAY RENTAL','3 Day Rental',1001,'2023-12-11',1001,'2023-12-11','RENTAL_ITEM','RENTAL_ITEM_TYPE','3'),(1027,'5-DAY RENTAL','5 Day Rental',1001,'2023-12-11',1001,'2023-12-11','RENTAL_ITEM','RENTAL_ITEM_TYPE','5');
/*!40000 ALTER TABLE `common_lookup` ENABLE KEYS */;
UNLOCK TABLES;
/*!40103 SET TIME_ZONE=@OLD_TIME_ZONE */;

/*!40101 SET SQL_MODE=@OLD_SQL_MODE */;
/*!40014 SET FOREIGN_KEY_CHECKS=@OLD_FOREIGN_KEY_CHECKS */;
/*!40014 SET UNIQUE_CHECKS=@OLD_UNIQUE_CHECKS */;
/*!40101 SET CHARACTER_SET_CLIENT=@OLD_CHARACTER_SET_CLIENT */;
/*!40101 SET CHARACTER_SET_RESULTS=@OLD_CHARACTER_SET_RESULTS */;
/*!40101 SET COLLATION_CONNECTION=@OLD_COLLATION_CONNECTION */;
/*!40111 SET SQL_NOTES=@OLD_SQL_NOTES */;

-- Dump completed on 2024-01-27 12:50:14
